hour_ts,inbound_count,outbound_count,avg_cycle_time_minutes,median_cycle_time_minutes,min_cycle_time_minutes,max_cycle_time_minutes,total_netto,vehicle_flow_total
2026-06-16 08:00:00,14.0,7.0,20.79047619047619,21.975,10.816666666666666,31.966666666666665,96680.0,21.0
2026-06-16 09:00:00,21.0,18.0,18.887301587301586,18.45,10.733333333333333,28.65,135040.0,39.0
2026-06-16 10:00:00,20.0,23.0,20.267500000000002,21.641666666666666,3.566666666666667,31.3,128860.0,43.0
2026-06-16 11:00:00,16.0,17.0,18.534375,18.4,7.133333333333334,32.5,108910.0,33.0
2026-06-16 12:00:00,15.0,12.0,29.504444444444445,35.21666666666667,7.166666666666667,41.25,98900.0,27.0
2026-06-16 13:00:00,17.0,21.0,19.808823529411764,21.15,7.266666666666667,34.333333333333336,119830.0,38.0
2026-06-16 14:00:00,8.0,11.0,16.583333333333332,17.116666666666667,8.566666666666666,24.066666666666666,54210.0,19.0
2026-06-16 15:00:00,8.0,6.0,22.25208333333333,21.891666666666666,9.366666666666667,36.983333333333334,53710.0,14.0
2026-06-16 16:00:00,13.0,9.0,24.691025641025643,15.983333333333333,7.35,69.71666666666667,77450.0,22.0
2026-06-16 17:00:00,15.0,18.0,16.42,17.95,6.633333333333334,31.6,96920.0,33.0
2026-06-16 18:00:00,25.0,18.0,25.643333333333334,26.116666666666667,6.066666666666666,52.63333333333333,158270.0,43.0
2026-06-16 19:00:00,10.0,15.0,33.55833333333333,33.06666666666666,9.666666666666666,57.55,68390.0,25.0
2026-06-16 20:00:00,14.0,16.0,32.44166666666667,36.84166666666667,7.783333333333333,46.68333333333333,87030.0,30.0
2026-06-16 21:00:00,18.0,14.0,31.53888888888889,33.425,9.1,51.11666666666667,120210.0,32.0
2026-06-16 22:00:00,15.0,17.0,35.21111111111111,33.63333333333333,7.883333333333334,80.1,93040.0,32.0
2026-06-16 23:00:00,0.0,7.0,0.0,0.0,0.0,0.0,0.0,7.0
2026-06-17 07:00:00,6.0,0.0,29.400000000000002,33.916666666666664,11.616666666666667,42.2,37220.0,6.0
2026-06-17 08:00:00,9.0,9.0,45.70555555555555,35.78333333333333,7.766666666666667,173.7,69810.0,18.0
2026-06-17 09:00:00,6.0,8.0,28.811111111111114,31.28333333333333,7.616666666666666,47.03333333333333,40540.0,14.0
2026-06-17 10:00:00,15.0,12.0,36.68555555555555,42.88333333333333,8.05,73.98333333333333,89150.0,27.0
2026-06-17 11:00:00,16.0,12.0,44.76145833333333,42.391666666666666,8.666666666666666,101.33333333333333,97000.0,28.0
2026-06-17 12:00:00,5.0,8.0,70.07000000000001,71.5,63.95,74.78333333333333,33730.0,13.0
2026-06-17 13:00:00,0.0,8.0,0.0,0.0,0.0,0.0,0.0,8.0
2026-06-17 15:00:00,3.0,0.0,30.433333333333337,30.466666666666665,24.266666666666666,36.56666666666667,22330.0,3.0
2026-06-17 16:00:00,12.0,9.0,28.240277777777777,30.733333333333334,6.85,50.56666666666667,73670.0,21.0
2026-06-17 17:00:00,17.0,14.0,33.17941176470588,39.016666666666666,7.416666666666667,49.983333333333334,114840.0,31.0
2026-06-17 18:00:00,18.0,18.0,35.48240740740741,33.54166666666667,7.633333333333334,75.88333333333334,125670.0,36.0
2026-06-17 19:00:00,11.0,13.0,38.89848484848485,36.2,9.716666666666667,91.7,70280.0,24.0
2026-06-17 20:00:00,18.0,15.0,34.71203703703704,33.041666666666664,6.15,106.98333333333333,117530.0,33.0
2026-06-17 21:00:00,10.0,12.0,63.22666666666667,49.075,8.366666666666667,131.95,71390.0,22.0
2026-06-17 22:00:00,11.0,9.0,44.70909090909091,45.016666666666666,9.016666666666667,89.98333333333333,75010.0,20.0
2026-06-17 23:00:00,24.0,15.0,59.44861111111111,59.474999999999994,7.6,114.36666666666666,151140.0,39.0
2026-06-18 00:00:00,29.0,19.0,88.37873563218392,95.88333333333334,7.733333333333333,165.76666666666668,182470.0,48.0
2026-06-18 01:00:00,21.0,18.0,94.82142857142857,124.76666666666667,7.566666666666666,152.66666666666666,129850.0,39.0
2026-06-18 02:00:00,0.0,13.0,0.0,0.0,0.0,0.0,0.0,13.0
2026-06-18 03:00:00,0.0,19.0,0.0,0.0,0.0,0.0,0.0,19.0
2026-06-18 07:00:00,4.0,2.0,20.695833333333333,18.46666666666667,16.283333333333335,29.566666666666666,28710.0,6.0
2026-06-18 08:00:00,5.0,4.0,17.996666666666666,18.433333333333334,9.066666666666666,25.483333333333334,37690.0,9.0
2026-06-18 09:00:00,8.0,8.0,37.47291666666666,27.366666666666667,9.133333333333333,140.7,59930.0,16.0
2026-06-18 10:00:00,12.0,9.0,15.651666666666667,16.924999999999997,8.566666666666666,24.116666666666667,67480.0,21.0
2026-06-18 11:00:00,15.0,17.0,15.020000000000001,14.433333333333334,6.85,28.283333333333335,103320.0,32.0
2026-06-18 12:00:00,17.0,10.0,31.35,30.716666666666665,6.883333333333334,56.63333333333333,109560.0,27.0
2026-06-18 13:00:00,14.0,14.0,45.43571428571429,49.325,8.666666666666666,62.1,84950.0,28.0
2026-06-18 14:00:00,14.0,16.0,34.06309523809524,38.425,10.75,51.516666666666666,87530.0,30.0
2026-06-18 15:00:00,10.0,15.0,17.356666666666666,18.141666666666666,9.45,26.016666666666666,65070.0,25.0
2026-06-18 16:00:00,8.0,6.0,19.76875,18.45,10.0,34.233333333333334,54430.0,14.0
2026-06-18 17:00:00,23.0,16.0,22.32536231884058,19.516666666666666,6.116666666666666,51.43333333333333,154380.0,39.0
2026-06-18 18:00:00,33.0,26.0,43.84141414141414,46.11666666666667,10.05,89.45,199310.0,59.0
2026-06-18 19:00:00,7.0,16.0,40.528571428571425,57.88333333333333,8.833333333333334,67.18333333333334,43790.0,23.0
2026-06-18 20:00:00,20.0,16.0,38.391666666666666,40.725,10.35,61.583333333333336,128560.0,36.0
2026-06-18 21:00:00,25.0,24.0,29.868000000000002,30.333333333333332,12.15,47.7,161440.0,49.0
2026-06-18 22:00:00,26.0,25.0,37.25320512820513,40.224999999999994,9.0,59.35,172350.0,51.0
2026-06-18 23:00:00,0.0,15.0,0.0,0.0,0.0,0.0,0.0,15.0
2026-06-19 07:00:00,4.0,2.0,22.366666666666667,21.333333333333336,17.066666666666666,29.733333333333334,26440.0,6.0
2026-06-19 08:00:00,17.0,9.0,31.893137254901966,30.75,11.566666666666666,55.61666666666667,100170.0,26.0
2026-06-19 09:00:00,3.0,12.0,20.405555555555555,18.666666666666668,17.766666666666666,24.783333333333335,18800.0,15.0
2026-06-19 10:00:00,7.0,6.0,14.340476190476192,10.8,7.333333333333333,31.983333333333334,40790.0,13.0
2026-06-19 11:00:00,20.0,14.0,22.712280701754388,22.233333333333334,8.183333333333334,44.28333333333333,132710.0,34.0
2026-06-19 12:00:00,0.0,7.0,0.0,0.0,0.0,0.0,0.0,7.0
2026-06-19 13:00:00,19.0,9.0,32.890350877192986,33.85,9.9,68.45,126400.0,28.0
2026-06-19 14:00:00,24.0,20.0,45.62847222222222,54.34166666666667,7.916666666666667,72.28333333333333,159920.0,44.0
2026-06-19 15:00:00,7.0,16.0,47.48571428571428,54.68333333333333,14.25,60.416666666666664,44930.0,23.0
2026-06-19 16:00:00,11.0,12.0,19.28939393939394,20.25,7.2,33.833333333333336,72820.0,23.0
2026-06-19 17:00:00,23.0,17.0,19.93550724637681,17.2,7.683333333333334,35.18333333333333,152340.0,40.0
2026-06-19 18:00:00,24.0,22.0,38.950694444444444,40.84166666666667,8.316666666666666,76.65,161010.0,46.0
2026-06-19 19:00:00,18.0,15.0,67.80000000000001,55.9,10.35,315.0833333333333,123520.0,33.0
2026-06-19 20:00:00,14.0,19.0,41.40238095238095,43.25,8.2,76.85,90500.0,33.0
2026-06-19 21:00:00,24.0,19.0,58.981249999999996,47.68333333333334,8.55,312.4166666666667,150750.0,43.0
2026-06-19 22:00:00,23.0,13.0,53.915942028985505,63.1,8.05,79.03333333333333,144830.0,36.0
2026-06-19 23:00:00,25.0,30.0,75.12933333333334,82.66666666666667,15.616666666666667,117.86666666666666,163310.0,55.0
2026-06-20 00:00:00,1.0,12.0,265.95,265.95,265.95,265.95,5900.0,13.0
2026-06-20 01:00:00,2.0,9.0,286.45,286.45,130.0,442.9,11400.0,11.0
2026-06-20 02:00:00,0.0,1.0,0.0,0.0,0.0,0.0,0.0,1.0
2026-06-20 03:00:00,0.0,1.0,0.0,0.0,0.0,0.0,0.0,1.0
2026-06-20 05:00:00,1.0,1.0,123.0,123.0,123.0,123.0,8140.0,2.0
2026-06-20 06:00:00,1.0,0.0,303.05,303.05,303.05,303.05,5430.0,1.0
2026-06-20 07:00:00,4.0,1.0,37.5625,43.19166666666666,10.416666666666666,53.45,24960.0,5.0
2026-06-20 08:00:00,11.0,9.0,58.17121212121212,51.4,9.9,227.8,72290.0,20.0
2026-06-20 09:00:00,7.0,9.0,64.46190476190476,10.1,7.533333333333333,326.65,40910.0,16.0
2026-06-20 10:00:00,8.0,8.0,21.64375,22.5,9.6,32.71666666666667,55150.0,16.0
2026-06-20 11:00:00,13.0,15.0,16.867948717948718,21.016666666666666,8.016666666666667,23.866666666666667,86730.0,28.0
2026-06-20 12:00:00,31.0,15.0,45.50268817204301,41.81666666666667,8.283333333333333,153.76666666666668,188410.0,46.0
2026-06-20 13:00:00,20.0,22.0,82.05666666666667,72.575,8.183333333333334,254.06666666666666,128100.0,42.0
2026-06-20 14:00:00,7.0,12.0,84.96666666666667,43.81666666666667,11.166666666666666,167.16666666666666,43320.0,19.0
2026-06-20 15:00:00,9.0,8.0,83.90925925925927,59.483333333333334,47.983333333333334,264.26666666666665,63900.0,17.0
2026-06-20 16:00:00,14.0,12.0,61.71071428571429,65.93333333333334,8.133333333333333,261.51666666666665,99290.0,26.0
2026-06-20 17:00:00,20.0,16.0,45.739999999999995,45.88333333333333,7.15,95.0,135500.0,36.0
2026-06-20 18:00:00,26.0,23.0,77.56858974358974,56.99166666666667,7.95,798.4,174150.0,49.0
2026-06-20 19:00:00,15.0,28.0,31.417777777777776,29.083333333333332,11.85,69.41666666666667,102830.0,43.0
2026-06-20 20:00:00,23.0,18.0,77.32971014492755,44.68333333333333,7.633333333333334,767.6,147370.0,41.0
2026-06-20 21:00:00,16.0,17.0,33.84583333333333,38.45,8.466666666666667,55.53333333333333,109820.0,33.0
2026-06-20 22:00:00,23.0,21.0,78.79855072463769,55.38333333333333,9.233333333333333,717.2166666666667,153460.0,44.0
2026-06-20 23:00:00,0.0,13.0,0.0,0.0,0.0,0.0,0.0,13.0
2026-06-21 07:00:00,5.0,4.0,21.71,25.333333333333332,7.733333333333333,29.8,27770.0,9.0
2026-06-21 08:00:00,12.0,9.0,42.37361111111111,21.166666666666668,11.966666666666667,274.3666666666667,74870.0,21.0
2026-06-21 09:00:00,5.0,9.0,63.06999999999999,18.25,9.016666666666667,247.98333333333332,37540.0,14.0
2026-06-21 10:00:00,13.0,6.0,23.51025641025641,17.033333333333335,7.066666666666666,51.85,81640.0,19.0
2026-06-21 11:00:00,18.0,20.0,25.20462962962963,21.775,8.3,79.96666666666667,113290.0,38.0
2026-06-21 12:00:00,20.0,18.0,29.5075,23.6,6.383333333333334,173.78333333333333,140750.0,38.0
2026-06-21 13:00:00,23.0,21.0,32.631159420289855,35.85,13.516666666666667,44.53333333333333,157300.0,44.0
2026-06-21 14:00:00,14.0,19.0,41.778571428571425,18.308333333333334,6.983333333333333,245.26666666666668,84550.0,33.0
2026-06-21 15:00:00,21.0,15.0,32.92777777777778,33.1,8.916666666666666,52.31666666666667,140070.0,36.0
2026-06-21 16:00:00,19.0,20.0,41.37894736842105,25.583333333333332,7.933333333333334,364.6333333333333,120170.0,39.0
2026-06-21 17:00:00,19.0,20.0,45.90964912280702,44.666666666666664,8.0,99.73333333333333,116960.0,39.0
2026-06-21 18:00:00,20.0,19.0,48.69166666666666,40.20833333333333,8.283333333333333,329.21666666666664,141240.0,39.0
2026-06-21 19:00:00,24.0,20.0,61.51458333333333,47.775,8.433333333333334,399.18333333333334,167320.0,44.0
2026-06-21 20:00:00,13.0,16.0,34.169230769230765,40.81666666666667,7.933333333333334,75.68333333333334,85300.0,29.0
2026-06-21 21:00:00,23.0,20.0,40.928985507246374,40.516666666666666,8.25,67.08333333333333,148380.0,43.0
2026-06-21 22:00:00,19.0,20.0,66.45087719298245,37.65,12.583333333333334,647.55,119050.0,39.0
2026-06-21 23:00:00,27.0,20.0,42.420370370370364,46.166666666666664,8.733333333333333,66.18333333333334,166090.0,47.0
2026-06-22 00:00:00,0.0,20.0,0.0,0.0,0.0,0.0,0.0,20.0
2026-06-22 01:00:00,1.0,1.0,518.2666666666667,518.2666666666667,518.2666666666667,518.2666666666667,5770.0,2.0
2026-06-22 02:00:00,1.0,0.0,553.1,553.1,553.1,553.1,7220.0,1.0
2026-06-22 07:00:00,7.0,4.0,21.42142857142857,22.916666666666668,8.683333333333334,27.716666666666665,45870.0,11.0
2026-06-22 08:00:00,13.0,14.0,24.77692307692308,25.416666666666668,7.85,44.28333333333333,80050.0,27.0
2026-06-22 09:00:00,7.0,6.0,18.738095238095237,21.183333333333334,8.55,26.966666666666665,51180.0,13.0
2026-06-22 10:00:00,11.0,10.0,42.65138888888889,19.81666666666667,7.6,206.41666666666666,59510.0,21.0
2026-06-22 11:00:00,19.0,17.0,27.32777777777778,21.78333333333333,7.85,166.08333333333334,108490.0,36.0
2026-06-22 12:00:00,21.0,16.0,56.470634920634915,36.21666666666667,7.783333333333333,543.4666666666667,139280.0,37.0
2026-06-22 13:00:00,16.0,16.0,63.45,58.95833333333333,8.35,263.53333333333336,110650.0,32.0
2026-06-22 14:00:00,16.0,19.0,38.546875,47.525,10.083333333333334,56.166666666666664,99210.0,35.0
2026-06-22 15:00:00,12.0,20.0,16.318055555555556,13.175,7.816666666666666,32.65,71000.0,32.0
2026-06-22 16:00:00,25.0,17.0,44.260666666666665,25.033333333333335,7.85,530.65,157110.0,42.0
2026-06-22 17:00:00,27.0,22.0,30.822222222222223,35.4,9.466666666666667,50.85,182500.0,49.0
2026-06-22 18:00:00,30.0,25.0,54.09611111111111,49.74166666666667,9.433333333333334,117.35,193720.0,55.0
2026-06-22 19:00:00,13.0,16.0,80.88333333333334,65.51666666666667,7.433333333333334,278.48333333333335,85380.0,29.0
2026-06-22 20:00:00,24.0,21.0,52.66319444444445,56.266666666666666,8.316666666666666,93.88333333333334,158200.0,45.0
2026-06-22 21:00:00,25.0,20.0,82.37083333333334,68.44166666666666,8.766666666666667,451.78333333333336,165890.0,45.0
2026-06-22 22:00:00,7.0,16.0,61.21388888888888,63.858333333333334,11.0,94.76666666666667,42320.0,23.0
2026-06-22 23:00:00,1.0,14.0,36.416666666666664,36.416666666666664,36.416666666666664,36.416666666666664,5820.0,15.0
2026-06-23 00:00:00,1.0,0.0,129.51666666666668,129.51666666666668,129.51666666666668,129.51666666666668,11490.0,1.0
2026-06-23 01:00:00,1.0,1.0,384.6333333333333,384.6333333333333,384.6333333333333,384.6333333333333,3250.0,2.0
2026-06-23 02:00:00,0.0,1.0,0.0,0.0,0.0,0.0,0.0,1.0
2026-06-23 03:00:00,1.0,0.0,0.0,0.0,0.0,0.0,8900.0,1.0
2026-06-23 05:00:00,1.0,1.0,1252.7333333333333,1252.7333333333333,1252.7333333333333,1252.7333333333333,8110.0,2.0
2026-06-23 07:00:00,3.0,2.0,23.78333333333333,23.15,15.483333333333333,32.71666666666667,25080.0,5.0
2026-06-23 08:00:00,12.0,9.0,33.53333333333333,20.84166666666667,10.25,195.01666666666668,87760.0,21.0
2026-06-23 09:00:00,7.0,9.0,216.8190476190476,18.3,7.883333333333334,1429.15,41990.0,16.0
2026-06-23 10:00:00,11.0,4.0,37.42878787878788,37.916666666666664,8.816666666666666,60.43333333333333,67270.0,15.0
2026-06-23 11:00:00,25.0,20.0,38.344,48.06666666666667,7.216666666666667,83.86666666666666,164170.0,45.0
2026-06-23 12:00:00,30.0,22.0,42.235,45.44166666666666,6.833333333333333,78.68333333333334,193900.0,52.0
2026-06-23 13:00:00,20.0,22.0,47.138333333333335,56.075,7.366666666666666,70.03333333333333,129320.0,42.0
2026-06-23 14:00:00,19.0,23.0,53.84298245614035,56.916666666666664,8.183333333333334,72.8,121450.0,42.0
2026-06-23 15:00:00,20.0,21.0,86.475,43.49166666666667,7.75,1009.2333333333333,124630.0,41.0
2026-06-23 16:00:00,19.0,23.0,27.34298245614035,31.083333333333332,8.35,58.38333333333333,127260.0,42.0
2026-06-23 17:00:00,26.0,16.0,52.7301282051282,48.86666666666666,8.983333333333333,96.4,164960.0,42.0
2026-06-23 18:00:00,23.0,18.0,54.922463768115946,71.25,6.6,117.01666666666667,152740.0,41.0
2026-06-23 19:00:00,16.0,20.0,98.16458333333333,108.55833333333334,8.833333333333334,136.4,108180.0,36.0
2026-06-23 20:00:00,16.0,15.0,89.04791666666667,109.60833333333333,7.6,133.01666666666668,112540.0,31.0
2026-06-23 21:00:00,25.0,20.0,59.068000000000005,71.15,7.666666666666667,103.2,142760.0,45.0
2026-06-23 22:00:00,21.0,23.0,76.77936507936508,95.65,8.333333333333334,111.16666666666667,126430.0,44.0
2026-06-23 23:00:00,34.0,21.0,94.56666666666666,110.00833333333334,9.083333333333334,224.33333333333334,218480.0,55.0
2026-06-24 00:00:00,4.0,19.0,84.5625,108.56666666666666,8.883333333333333,112.23333333333333,26190.0,23.0
2026-06-24 01:00:00,0.0,16.0,0.0,0.0,0.0,0.0,0.0,16.0
2026-06-24 02:00:00,1.0,8.0,534.75,534.75,534.75,534.75,8310.0,9.0
2026-06-24 03:00:00,0.0,1.0,0.0,0.0,0.0,0.0,0.0,1.0
2026-06-24 07:00:00,3.0,3.0,17.227777777777778,16.666666666666668,15.25,19.766666666666666,25250.0,6.0
2026-06-24 08:00:00,9.0,6.0,20.05185185185185,21.45,7.533333333333333,29.866666666666667,67670.0,15.0
2026-06-24 09:00:00,11.0,10.0,13.628787878787877,14.333333333333334,7.733333333333333,23.45,54740.0,21.0
2026-06-24 10:00:00,20.0,17.0,21.475,14.916666666666668,6.8,135.6,130360.0,37.0
2026-06-24 11:00:00,29.0,27.0,35.07241379310345,21.666666666666668,8.666666666666666,377.28333333333336,179760.0,56.0
2026-06-24 12:00:00,27.0,22.0,39.66538461538461,43.95,7.666666666666667,67.45,177930.0,49.0
2026-06-24 13:00:00,24.0,18.0,95.85347222222221,62.03333333333333,8.4,953.4666666666667,145710.0,42.0
2026-06-24 14:00:00,19.0,21.0,119.65350877192982,74.33333333333333,8.4,1235.6,124100.0,40.0
2026-06-24 15:00:00,18.0,20.0,48.79351851851852,57.575,6.816666666666666,80.0,111270.0,38.0
2026-06-24 16:00:00,25.0,21.0,66.60933333333334,55.93333333333333,7.45,595.5,159410.0,46.0
2026-06-24 17:00:00,20.0,22.0,37.98583333333333,51.575,7.25,66.68333333333334,131880.0,42.0
2026-06-24 18:00:00,19.0,24.0,86.70350877192983,46.81666666666667,7.716666666666667,933.1,118070.0,43.0
2026-06-24 19:00:00,22.0,20.0,64.58560606060605,80.81666666666666,7.283333333333333,112.53333333333333,149050.0,42.0
2026-06-24 20:00:00,14.0,12.0,57.11666666666667,70.80000000000001,8.283333333333333,96.0,105450.0,26.0
2026-06-24 21:00:00,23.0,18.0,62.64782608695653,77.23333333333333,8.4,100.4,145580.0,41.0
2026-06-24 22:00:00,12.0,15.0,59.74305555555555,72.18333333333334,7.683333333333334,95.03333333333333,69410.0,27.0
2026-06-24 23:00:00,34.0,21.0,88.78186274509802,105.375,7.716666666666667,152.06666666666666,217380.0,55.0
2026-06-25 00:00:00,0.0,14.0,0.0,0.0,0.0,0.0,0.0,14.0
2026-06-25 01:00:00,0.0,12.0,0.0,0.0,0.0,0.0,0.0,12.0
2026-06-25 02:00:00,0.0,6.0,0.0,0.0,0.0,0.0,0.0,6.0
2026-06-25 04:00:00,1.0,0.0,0.0,0.0,0.0,0.0,10400.0,1.0
2026-06-25 05:00:00,0.0,1.0,0.0,0.0,0.0,0.0,0.0,1.0
2026-06-25 06:00:00,2.0,1.0,180.19166666666666,180.19166666666666,24.3,336.0833333333333,10220.0,3.0
2026-06-25 07:00:00,7.0,2.0,25.48333333333333,26.55,13.666666666666666,33.3,45630.0,9.0
2026-06-25 08:00:00,16.0,16.0,20.511458333333334,21.674999999999997,10.733333333333333,29.35,108570.0,32.0
2026-06-25 09:00:00,12.0,11.0,17.415277777777778,17.608333333333334,7.233333333333333,27.783333333333335,71280.0,23.0
2026-06-25 10:00:00,14.0,16.0,18.62857142857143,18.283333333333335,7.166666666666667,34.6,93450.0,30.0
2026-06-25 11:00:00,21.0,15.0,42.23888888888889,41.46666666666667,7.55,79.81666666666666,134440.0,36.0
2026-06-25 12:00:00,19.0,18.0,60.88859649122808,37.266666666666666,7.933333333333334,354.6666666666667,120420.0,37.0
2026-06-25 13:00:00,29.0,21.0,44.28448275862069,46.31666666666667,6.683333333333334,86.4,189140.0,50.0
2026-06-25 14:00:00,19.0,21.0,72.48333333333333,61.233333333333334,6.216666666666667,458.7,126070.0,40.0
2026-06-25 15:00:00,17.0,19.0,97.4578431372549,39.75,8.85,1080.5833333333333,103950.0,36.0
2026-06-25 16:00:00,22.0,24.0,38.42878787878788,37.891666666666666,10.833333333333334,195.58333333333334,156070.0,46.0
2026-06-25 17:00:00,31.0,24.0,50.70268817204301,56.43333333333333,6.616666666666666,89.06666666666666,200570.0,55.0
2026-06-25 18:00:00,9.0,15.0,55.992592592592594,63.78333333333333,9.9,95.41666666666667,61150.0,24.0
2026-06-25 19:00:00,20.0,21.0,40.07,47.233333333333334,8.116666666666667,72.35,136900.0,41.0
2026-06-25 20:00:00,21.0,20.0,69.06428571428572,61.75,8.783333333333333,328.71666666666664,135410.0,41.0
2026-06-25 21:00:00,22.0,19.0,56.80833333333333,59.53333333333333,7.533333333333333,194.15,148210.0,41.0
2026-06-25 22:00:00,23.0,21.0,97.25652173913043,67.03333333333333,7.25,971.95,158760.0,44.0
2026-06-25 23:00:00,33.0,19.0,83.85959595959596,96.88333333333334,7.366666666666666,129.5,195370.0,52.0
2026-06-26 00:00:00,5.0,19.0,88.50333333333333,102.66666666666667,8.6,121.4,28030.0,24.0
2026-06-26 01:00:00,1.0,16.0,845.9166666666666,845.9166666666666,845.9166666666666,845.9166666666666,4570.0,17.0
2026-06-26 02:00:00,1.0,5.0,928.6833333333333,928.6833333333333,928.6833333333333,928.6833333333333,10860.0,6.0
2026-06-26 06:00:00,2.0,0.0,25.016666666666666,25.016666666666666,14.7,35.333333333333336,13090.0,2.0
2026-06-26 07:00:00,15.0,11.0,25.274444444444445,24.683333333333334,6.75,55.28333333333333,87410.0,26.0
2026-06-26 08:00:00,16.0,15.0,41.80416666666667,34.825,7.633333333333334,88.6,106690.0,31.0
2026-06-26 09:00:00,6.0,7.0,38.49166666666667,42.125,10.733333333333333,63.083333333333336,44570.0,13.0
2026-06-26 10:00:00,21.0,19.0,18.942063492063493,17.466666666666665,7.85,42.333333333333336,136650.0,40.0
2026-06-26 11:00:00,31.0,22.0,38.16129032258065,38.13333333333333,6.133333333333334,82.61666666666666,204120.0,53.0
2026-06-26 12:00:00,22.0,21.0,79.57152777777777,88.29166666666666,8.916666666666666,224.21666666666667,193610.0,43.0
2026-06-26 13:00:00,14.0,13.0,73.54615384615384,76.05,10.4,117.9,85480.0,27.0
2026-06-26 14:00:00,15.0,17.0,60.29777777777778,66.4,6.816666666666666,155.2,111170.0,32.0
2026-06-26 15:00:00,28.0,23.0,100.27654320987655,65.13333333333334,7.05,1078.7,147710.0,51.0
2026-06-26 16:00:00,16.0,22.0,127.49791666666667,83.04166666666666,9.1,439.6166666666667,97540.0,38.0
2026-06-26 17:00:00,1.0,10.0,275.1,275.1,275.1,275.1,8220.0,11.0
2026-06-26 18:00:00,7.0,5.0,43.28809523809524,27.65,7.9,168.91666666666666,49590.0,12.0
2026-06-26 19:00:00,35.0,21.0,57.228095238095236,36.766666666666666,6.783333333333333,628.5666666666667,236570.0,56.0
2026-06-26 20:00:00,21.0,18.0,50.83583333333333,51.974999999999994,6.85,111.63333333333334,129450.0,39.0
2026-06-26 21:00:00,20.0,28.0,74.76333333333334,58.44166666666666,9.9,501.6333333333333,133500.0,48.0
2026-06-26 22:00:00,26.0,25.0,42.837820512820514,51.04166666666667,11.083333333333334,74.61666666666666,163120.0,51.0
2026-06-26 23:00:00,27.0,24.0,71.60493827160494,76.4,8.283333333333333,106.63333333333334,181300.0,51.0
2026-06-27 00:00:00,1.0,16.0,5.633333333333334,5.633333333333334,5.633333333333334,5.633333333333334,7430.0,17.0
2026-06-27 01:00:00,0.0,8.0,0.0,0.0,0.0,0.0,0.0,8.0
2026-06-27 06:00:00,3.0,2.0,88.47777777777777,83.33333333333333,35.95,146.15,27760.0,5.0
2026-06-27 07:00:00,15.0,10.0,25.715555555555557,19.8,7.1,54.4,91540.0,25.0
2026-06-27 08:00:00,20.0,15.0,56.026666666666664,52.44166666666666,8.6,219.58333333333334,143910.0,35.0
2026-06-27 09:00:00,8.0,15.0,55.74791666666666,20.7,8.7,291.15,42690.0,23.0
2026-06-27 10:00:00,18.0,16.0,17.016666666666666,16.383333333333333,6.466666666666667,37.416666666666664,104180.0,34.0
2026-06-27 11:00:00,23.0,20.0,22.781159420289857,23.916666666666668,6.433333333333334,47.63333333333333,154540.0,43.0
2026-06-27 12:00:00,26.0,21.0,45.16923076923077,37.55833333333334,7.25,267.6166666666667,173250.0,47.0
2026-06-27 13:00:00,22.0,20.0,103.99545454545455,61.6,6.95,1222.1833333333334,143510.0,42.0
2026-06-27 14:00:00,7.0,19.0,24.445238095238096,17.166666666666668,6.516666666666667,47.583333333333336,44110.0,26.0
2026-06-27 15:00:00,9.0,11.0,15.466666666666665,16.3,8.15,26.216666666666665,54370.0,20.0
2026-06-27 16:00:00,29.0,19.0,30.857471264367817,34.55,6.233333333333333,65.75,198360.0,48.0
2026-06-27 17:00:00,23.0,19.0,65.65652173913043,59.016666666666666,7.1,277.15,153210.0,42.0
2026-06-27 18:00:00,23.0,19.0,63.503623188405804,67.68333333333334,9.15,114.53333333333333,154040.0,42.0
2026-06-27 19:00:00,19.0,21.0,65.33070175438597,91.45,10.766666666666667,114.8,125840.0,40.0
2026-06-27 20:00:00,4.0,10.0,91.3,55.358333333333334,43.766666666666666,210.71666666666667,30450.0,14.0
2026-06-27 21:00:00,15.0,17.0,40.34111111111111,43.233333333333334,8.25,66.16666666666667,104000.0,32.0
2026-06-27 22:00:00,20.0,19.0,46.2275,45.233333333333334,8.266666666666667,133.86666666666667,141270.0,39.0
2026-06-27 23:00:00,26.0,20.0,57.79038461538461,52.9,7.183333333333334,388.28333333333336,172800.0,46.0
2026-06-28 00:00:00,31.0,19.0,94.86021505376344,79.45,8.166666666666666,528.2833333333333,210930.0,50.0
2026-06-28 01:00:00,1.0,17.0,632.95,632.95,632.95,632.95,5270.0,18.0
2026-06-28 02:00:00,1.0,11.0,32.46666666666667,32.46666666666667,32.46666666666667,32.46666666666667,7210.0,12.0
2026-06-28 03:00:00,0.0,1.0,0.0,0.0,0.0,0.0,0.0,1.0
2026-06-28 05:00:00,0.0,1.0,0.0,0.0,0.0,0.0,0.0,1.0
2026-06-28 06:00:00,2.0,1.0,514.025,514.025,27.783333333333335,1000.2666666666667,15310.0,3.0
2026-06-28 07:00:00,15.0,13.0,20.67111111111111,21.55,7.933333333333334,35.81666666666667,93060.0,28.0
2026-06-28 08:00:00,18.0,14.0,28.2212962962963,28.9,6.916666666666667,52.733333333333334,121670.0,32.0
2026-06-28 09:00:00,12.0,17.0,18.743055555555554,16.391666666666666,7.55,41.53333333333333,66190.0,29.0
2026-06-28 10:00:00,16.0,12.0,63.318888888888885,16.466666666666665,8.0,700.8666666666667,110370.0,28.0
2026-06-28 11:00:00,14.0,18.0,15.971428571428572,16.725,8.55,26.65,91650.0,32.0
2026-06-28 12:00:00,29.0,18.0,42.08275862068966,24.766666666666666,6.916666666666667,407.85,173840.0,47.0
2026-06-28 13:00:00,26.0,24.0,50.08846153846154,57.375,5.95,80.6,186390.0,50.0
2026-06-28 14:00:00,26.0,22.0,53.06730769230769,62.63333333333333,8.233333333333333,98.51666666666667,161510.0,48.0
2026-06-28 15:00:00,9.0,15.0,71.37037037037037,71.45,59.9,78.33333333333333,55220.0,24.0
2026-06-28 16:00:00,9.0,14.0,36.32592592592593,39.95,10.716666666666667,56.016666666666666,60600.0,23.0
2026-06-28 17:00:00,35.0,21.0,49.665238095238095,48.3,6.683333333333334,105.41666666666667,233910.0,56.0
2026-06-28 18:00:00,6.0,15.0,103.35277777777777,104.16666666666666,95.58333333333333,108.81666666666666,41270.0,21.0
2026-06-28 19:00:00,20.0,17.0,43.69583333333333,37.925,13.85,91.1,136310.0,37.0
2026-06-28 20:00:00,36.0,23.0,70.23518518518519,75.80833333333334,14.75,258.4166666666667,235290.0,59.0
2026-06-28 21:00:00,13.0,23.0,76.63205128205128,83.43333333333334,20.716666666666665,145.91666666666666,93330.0,36.0
2026-06-28 22:00:00,23.0,18.0,96.31014492753623,98.51666666666667,6.783333333333333,587.7833333333333,154900.0,41.0
2026-06-28 23:00:00,22.0,16.0,120.93712121212121,121.5,7.716666666666667,181.85,141120.0,38.0
2026-06-29 00:00:00,6.0,17.0,143.14444444444445,92.34166666666667,14.85,487.03333333333336,45240.0,23.0
2026-06-29 01:00:00,0.0,15.0,0.0,0.0,0.0,0.0,0.0,15.0
2026-06-29 02:00:00,1.0,6.0,444.6333333333333,444.6333333333333,444.6333333333333,444.6333333333333,5890.0,7.0
2026-06-29 07:00:00,25.0,16.0,22.318,23.816666666666666,7.083333333333333,40.416666666666664,174480.0,41.0
2026-06-29 08:00:00,19.0,19.0,75.49166666666667,31.241666666666667,7.866666666666666,417.56666666666666,158990.0,38.0
2026-06-29 09:00:00,16.0,16.0,145.37941176470588,37.083333333333336,23.566666666666666,1433.8833333333334,130970.0,32.0
2026-06-29 10:00:00,22.0,21.0,32.535714285714285,24.25,6.05,282.6666666666667,143290.0,43.0
2026-06-29 11:00:00,28.0,20.0,35.443827160493825,30.7,7.933333333333334,140.76666666666668,183480.0,48.0
2026-06-29 12:00:00,27.0,17.0,107.24166666666667,66.69166666666666,6.333333333333333,1305.9833333333333,175110.0,44.0
2026-06-29 13:00:00,20.0,20.0,62.72543859649122,59.6,9.933333333333334,370.0833333333333,130430.0,40.0
2026-06-29 14:00:00,20.0,26.0,67.60526315789474,77.58333333333333,11.783333333333333,87.83333333333333,126880.0,46.0
2026-06-29 15:00:00,21.0,20.0,69.20952380952382,76.31666666666666,6.133333333333334,161.98333333333332,139450.0,41.0
2026-06-29 16:00:00,18.0,24.0,41.490196078431374,57.46666666666667,6.95,85.95,117500.0,42.0
2026-06-29 17:00:00,21.0,19.0,67.2,58.166666666666664,7.583333333333333,249.65,145820.0,40.0
2026-06-29 18:00:00,27.0,20.0,71.14999999999999,87.7,7.816666666666666,120.66666666666667,189320.0,47.0
2026-06-29 19:00:00,12.0,17.0,83.74583333333334,86.79166666666666,8.783333333333333,234.5,85920.0,29.0
2026-06-29 20:00:00,20.0,19.0,69.25083333333333,78.66666666666666,8.25,120.95,130260.0,39.0
2026-06-29 21:00:00,21.0,16.0,87.71507936507936,92.03333333333333,7.8,264.1,154910.0,37.0
2026-06-29 22:00:00,20.0,21.0,91.91333333333333,108.88333333333333,7.866666666666666,144.8,126930.0,41.0
2026-06-29 23:00:00,8.0,13.0,93.83541666666666,83.14166666666667,16.966666666666665,287.1166666666667,51830.0,21.0
2026-06-30 00:00:00,19.0,14.0,89.259649122807,80.53333333333333,7.316666666666666,547.6833333333333,130990.0,33.0
2026-06-30 01:00:00,0.0,21.0,0.0,0.0,0.0,0.0,0.0,21.0
2026-06-30 02:00:00,1.0,3.0,257.06666666666666,257.06666666666666,257.06666666666666,257.06666666666666,9990.0,4.0
2026-06-30 03:00:00,0.0,1.0,0.0,0.0,0.0,0.0,0.0,1.0
2026-06-30 05:00:00,1.0,0.0,258.78333333333336,258.78333333333336,258.78333333333336,258.78333333333336,6020.0,1.0
2026-06-30 06:00:00,1.0,1.0,306.75,306.75,306.75,306.75,11700.0,2.0
2026-06-30 07:00:00,17.0,2.0,48.49912280701754,42.8,8.166666666666666,166.95,150690.0,19.0
2026-06-30 08:00:00,35.0,28.0,72.61813725490195,54.61666666666667,12.283333333333333,811.35,222660.0,63.0
2026-06-30 09:00:00,11.0,21.0,78.08484848484848,44.36666666666667,7.7,357.3333333333333,90490.0,32.0
2026-06-30 10:00:00,16.0,19.0,35.50444444444444,33.55,8.433333333333334,78.33333333333333,102330.0,35.0
2026-06-30 11:00:00,16.0,16.0,69.31458333333333,67.525,6.216666666666667,304.5,112440.0,32.0
2026-06-30 12:00:00,23.0,16.0,70.53985507246377,64.78333333333333,7.333333333333333,391.73333333333335,151970.0,39.0
2026-06-30 13:00:00,18.0,17.0,64.35462962962964,77.18333333333334,7.016666666666667,93.45,119520.0,35.0
2026-06-30 14:00:00,27.0,24.0,58.96543209876543,66.81666666666666,7.216666666666667,110.18333333333334,190170.0,51.0
2026-06-30 15:00:00,25.0,23.0,65.72666666666667,85.91666666666667,7.9,174.25,163640.0,48.0
2026-06-30 16:00:00,34.0,19.0,121.92009803921567,138.375,11.85,272.93333333333334,225860.0,53.0
2026-06-30 17:00:00,21.0,20.0,115.92142857142856,167.06666666666666,8.283333333333333,204.43333333333334,141750.0,41.0
2026-06-30 18:00:00,6.0,13.0,181.8111111111111,174.20833333333331,8.316666666666666,383.15,38560.0,19.0
2026-06-30 19:00:00,12.0,21.0,115.04166666666667,123.20833333333333,10.3,390.73333333333335,86450.0,33.0
2026-06-30 20:00:00,17.0,16.0,75.18921568627451,80.03333333333333,8.733333333333333,179.3,121220.0,33.0
2026-06-30 21:00:00,32.0,22.0,82.17239583333334,80.13333333333333,19.55,382.6333333333333,219290.0,54.0
2026-06-30 22:00:00,22.0,24.0,98.80984848484849,106.65833333333333,62.53333333333333,129.78333333333333,142610.0,46.0
2026-06-30 23:00:00,15.0,24.0,59.1,61.85,42.95,72.15,95950.0,39.0
2026-07-01 00:00:00,12.0,26.0,54.486111111111114,58.43333333333334,37.1,67.66666666666667,81570.0,38.0
2026-07-01 01:00:00,1.0,12.0,196.96666666666667,196.96666666666667,196.96666666666667,196.96666666666667,5740.0,13.0
2026-07-01 02:00:00,1.0,0.0,708.75,708.75,708.75,708.75,7710.0,1.0
2026-07-01 03:00:00,1.0,1.0,292.15,292.15,292.15,292.15,10300.0,2.0
2026-07-01 04:00:00,0.0,1.0,0.0,0.0,0.0,0.0,0.0,1.0
2026-07-01 05:00:00,1.0,0.0,758.1166666666667,758.1166666666667,758.1166666666667,758.1166666666667,5540.0,1.0
2026-07-01 07:00:00,25.0,11.0,70.1125,40.16666666666667,8.116666666666667,332.9166666666667,225510.0,36.0
2026-07-01 08:00:00,29.0,17.0,102.0758620689655,78.03333333333333,10.183333333333334,269.06666666666666,183430.0,46.0
2026-07-01 09:00:00,15.0,18.0,231.0513888888889,227.50833333333333,11.133333333333333,843.65,82890.0,33.0
2026-07-01 10:00:00,4.0,8.0,142.95833333333334,181.46666666666667,11.25,197.65,25480.0,12.0
2026-07-01 12:00:00,0.0,0.0,152.18333333333334,152.18333333333334,152.18333333333334,152.18333333333334,22070.0,0.0
2026-07-01 13:00:00,1.0,19.0,0.0,0.0,0.0,0.0,0.0,20.0
2026-07-01 14:00:00,1.0,2.0,296.1666666666667,296.1666666666667,296.1666666666667,296.1666666666667,7160.0,3.0
2026-07-01 18:00:00,0.0,1.0,0.0,0.0,0.0,0.0,0.0,1.0
2026-07-01 19:00:00,1.0,1.0,318.4,318.4,318.4,318.4,6010.0,2.0
2026-07-01 20:00:00,13.0,1.0,52.65256410256411,29.216666666666665,7.933333333333334,406.73333333333335,105090.0,14.0
2026-07-01 21:00:00,28.0,27.0,39.02261904761905,41.325,7.433333333333334,86.5,184520.0,55.0
2026-07-01 22:00:00,39.0,27.0,47.366239316239316,53.18333333333333,10.0,90.7,265800.0,66.0
2026-07-01 23:00:00,19.0,26.0,99.16754385964913,69.05,24.6,514.0666666666667,127240.0,45.0
2026-07-02 00:00:00,0.0,17.0,0.0,0.0,0.0,0.0,0.0,17.0
2026-07-02 01:00:00,1.0,0.0,420.78333333333336,420.78333333333336,420.78333333333336,420.78333333333336,6830.0,1.0
2026-07-02 02:00:00,0.0,1.0,0.0,0.0,0.0,0.0,0.0,1.0
2026-07-02 03:00:00,1.0,0.0,398.26666666666665,398.26666666666665,398.26666666666665,398.26666666666665,7300.0,1.0
2026-07-02 06:00:00,0.0,1.0,0.0,0.0,0.0,0.0,0.0,1.0
2026-07-02 07:00:00,31.0,16.0,58.98823529411764,34.03333333333333,6.666666666666667,459.71666666666664,281450.0,47.0
2026-07-02 08:00:00,26.0,23.0,44.65705128205128,49.36666666666667,7.933333333333334,71.61666666666666,176990.0,49.0
2026-07-02 09:00:00,25.0,27.0,64.69318181818181,54.05833333333333,9.7,464.31666666666666,141340.0,52.0
2026-07-02 10:00:00,22.0,25.0,78.42651515151516,56.55,6.316666666666666,799.9666666666667,153490.0,47.0
2026-07-02 11:00:00,30.0,23.0,56.972222222222214,63.675,6.5,137.71666666666667,202780.0,53.0
2026-07-02 12:00:00,30.0,22.0,58.6051724137931,69.6,7.283333333333333,106.71666666666667,187160.0,52.0
2026-07-02 13:00:00,22.0,25.0,40.51136363636363,44.525,13.066666666666666,67.06666666666666,143050.0,47.0
2026-07-02 14:00:00,30.0,28.0,56.88333333333333,58.825,31.333333333333332,73.25,196810.0,58.0
2026-07-02 15:00:00,33.0,28.0,99.54191919191919,65.76666666666667,46.81666666666667,1055.9666666666667,214760.0,61.0
2026-07-02 16:00:00,19.0,30.0,39.69122807017544,42.416666666666664,22.233333333333334,50.78333333333333,125140.0,49.0
2026-07-02 17:00:00,26.0,29.0,47.57820512820513,50.93333333333334,20.4,60.53333333333333,177980.0,55.0
2026-07-02 18:00:00,34.0,28.0,54.300490196078435,61.325,8.016666666666667,129.08333333333334,244140.0,62.0
2026-07-02 19:00:00,23.0,29.0,45.52898550724638,59.416666666666664,8.65,97.08333333333333,156080.0,52.0
2026-07-02 20:00:00,27.0,23.0,53.53703703703704,40.18333333333333,7.35,315.85,178370.0,50.0
2026-07-02 21:00:00,22.0,27.0,42.89015151515151,36.208333333333336,10.45,309.01666666666665,145370.0,49.0
2026-07-02 22:00:00,30.0,23.0,58.49611111111111,55.24166666666667,11.033333333333333,97.98333333333333,204910.0,53.0
2026-07-02 23:00:00,14.0,19.0,57.444047619047616,50.7,33.61666666666667,88.83333333333333,92730.0,33.0
2026-07-03 00:00:00,19.0,27.0,61.15,40.36666666666667,23.383333333333333,454.5833333333333,150000.0,46.0
2026-07-03 01:00:00,1.0,11.0,539.6833333333333,539.6833333333333,539.6833333333333,539.6833333333333,10640.0,12.0
2026-07-03 02:00:00,0.0,1.0,0.0,0.0,0.0,0.0,0.0,1.0
2026-07-03 04:00:00,1.0,0.0,261.26666666666665,261.26666666666665,261.26666666666665,261.26666666666665,5680.0,1.0
2026-07-03 06:00:00,1.0,0.0,51.833333333333336,51.833333333333336,51.833333333333336,51.833333333333336,8340.0,1.0
2026-07-03 07:00:00,33.0,15.0,45.876666666666665,37.55,6.616666666666666,181.61666666666667,259080.0,48.0
2026-07-03 08:00:00,18.0,26.0,85.21754385964913,49.5,8.75,392.68333333333334,178920.0,44.0
2026-07-03 09:00:00,24.0,27.0,36.20476190476191,19.233333333333334,7.75,266.53333333333336,130140.0,51.0
2026-07-03 10:00:00,22.0,16.0,41.02173913043478,29.1,7.15,275.05,159720.0,38.0
2026-07-03 11:00:00,33.0,26.0,52.57239583333333,54.141666666666666,5.616666666666666,117.36666666666666,203530.0,59.0
2026-07-03 12:00:00,0.0,15.0,0.0,0.0,0.0,0.0,0.0,15.0
2026-07-03 13:00:00,30.0,18.0,58.82239583333333,54.075,6.616666666666666,160.1,244810.0,48.0
2026-07-03 14:00:00,18.0,19.0,163.16354166666667,88.33333333333334,9.266666666666667,1068.5833333333333,110010.0,37.0
2026-07-03 15:00:00,31.0,18.0,88.08172043010752,89.91666666666667,6.783333333333333,188.58333333333334,212780.0,49.0
2026-07-03 16:00:00,30.0,27.0,97.33833333333334,127.425,7.433333333333334,171.63333333333333,192540.0,57.0
2026-07-03 17:00:00,0.0,15.0,0.0,0.0,0.0,0.0,0.0,15.0
2026-07-03 18:00:00,29.0,23.0,65.29942528735633,77.16666666666667,9.416666666666666,122.2,186530.0,52.0
2026-07-03 19:00:00,27.0,22.0,79.78765432098766,91.05,9.35,404.5,176000.0,49.0
2026-07-03 20:00:00,12.0,22.0,72.27777777777779,77.04166666666666,7.166666666666667,124.63333333333334,86050.0,34.0
2026-07-03 21:00:00,31.0,24.0,52.02204301075269,55.4,11.366666666666667,84.11666666666666,205740.0,55.0
2026-07-03 22:00:00,22.0,29.0,59.7689393939394,45.75,14.183333333333334,437.6666666666667,142260.0,51.0
2026-07-03 23:00:00,6.0,26.0,39.71666666666667,43.016666666666666,17.6,50.5,43470.0,32.0
2026-07-04 00:00:00,1.0,0.0,391.18333333333334,391.18333333333334,391.18333333333334,391.18333333333334,6240.0,1.0
2026-07-04 01:00:00,0.0,1.0,0.0,0.0,0.0,0.0,0.0,1.0
2026-07-04 02:00:00,1.0,0.0,327.4,327.4,327.4,327.4,10190.0,1.0
2026-07-04 05:00:00,1.0,1.0,190.36666666666667,190.36666666666667,190.36666666666667,190.36666666666667,8700.0,2.0
2026-07-04 06:00:00,1.0,2.0,29.0,29.0,29.0,29.0,6400.0,3.0
2026-07-04 07:00:00,27.0,7.0,65.00459770114944,60.38333333333333,6.533333333333333,180.55,217850.0,34.0
2026-07-04 08:00:00,23.0,23.0,72.20714285714286,77.41666666666667,6.3,201.75,144360.0,46.0
2026-07-04 09:00:00,12.0,13.0,70.175,67.525,18.1,171.46666666666667,71750.0,25.0
2026-07-04 10:00:00,16.0,27.0,23.53125,25.191666666666666,6.216666666666667,49.13333333333333,96010.0,43.0
2026-07-04 11:00:00,28.0,23.0,34.548809523809524,24.541666666666668,8.033333333333333,154.25,185760.0,51.0
2026-07-04 12:00:00,30.0,22.0,62.025555555555556,63.83333333333333,7.216666666666667,109.23333333333333,194650.0,52.0
2026-07-04 13:00:00,14.0,20.0,83.51547619047619,68.89166666666667,5.666666666666667,318.6166666666667,100940.0,34.0
2026-07-04 14:00:00,28.0,21.0,56.697023809523806,75.875,6.9,100.13333333333334,177160.0,49.0
2026-07-04 15:00:00,18.0,19.0,76.34313725490196,84.45,7.116666666666666,119.55,106030.0,37.0
2026-07-04 16:00:00,24.0,23.0,75.71666666666667,73.34166666666667,7.216666666666667,454.6333333333333,166820.0,47.0
2026-07-04 17:00:00,27.0,27.0,50.76728395061728,64.8,8.983333333333333,114.45,191750.0,54.0
2026-07-04 18:00:00,31.0,25.0,103.78817204301076,84.13333333333334,7.4,971.5333333333333,202130.0,56.0
2026-07-04 19:00:00,13.0,14.0,113.68589743589745,54.333333333333336,7.5,828.25,93460.0,27.0
2026-07-04 20:00:00,21.0,25.0,48.673809523809524,52.35,8.183333333333334,107.6,142770.0,46.0
2026-07-04 21:00:00,23.0,24.0,59.74927536231884,64.45,10.233333333333333,93.15,162910.0,47.0
2026-07-04 22:00:00,21.0,21.0,92.98412698412699,62.95,9.45,186.3,143060.0,42.0
2026-07-04 23:00:00,26.0,20.0,72.37307692307692,76.40833333333333,8.9,142.03333333333333,175520.0,46.0
2026-07-05 00:00:00,1.0,14.0,816.5333333333333,816.5333333333333,816.5333333333333,816.5333333333333,10880.0,15.0
2026-07-05 01:00:00,0.0,14.0,0.0,0.0,0.0,0.0,0.0,14.0
2026-07-05 07:00:00,24.0,13.0,32.390277777777776,35.641666666666666,6.633333333333334,53.31666666666667,154640.0,37.0
2026-07-05 08:00:00,13.0,13.0,45.78205128205128,46.016666666666666,31.633333333333333,65.21666666666667,84900.0,26.0
2026-07-05 09:00:00,9.0,15.0,76.17777777777778,25.083333333333332,6.566666666666666,463.98333333333335,60410.0,24.0
2026-07-05 10:00:00,21.0,15.0,28.93888888888889,26.55,7.9,82.71666666666667,137100.0,36.0
2026-07-05 11:00:00,32.0,24.0,48.784375,34.516666666666666,7.133333333333334,533.6166666666667,217070.0,56.0
2026-07-05 12:00:00,21.0,23.0,55.81984126984127,62.1,10.55,90.53333333333333,143860.0,44.0
2026-07-05 13:00:00,13.0,18.0,58.878205128205124,72.41666666666667,7.533333333333333,85.3,84500.0,31.0
2026-07-05 14:00:00,18.0,17.0,57.971296296296295,52.55833333333334,8.733333333333333,261.93333333333334,128530.0,35.0
2026-07-05 15:00:00,30.0,20.0,59.12722222222222,70.25833333333333,6.983333333333333,111.0,201570.0,50.0
2026-07-05 16:00:00,16.0,19.0,80.93541666666667,91.65833333333333,10.116666666666667,123.68333333333334,104930.0,35.0
2026-07-05 17:00:00,19.0,19.0,78.83333333333333,89.96666666666667,7.05,138.36666666666667,125610.0,38.0
2026-07-05 18:00:00,23.0,19.0,74.86304347826086,72.95,6.633333333333334,306.96666666666664,155940.0,42.0
2026-07-05 19:00:00,15.0,17.0,99.91111111111111,92.86666666666666,5.9,329.05,114060.0,32.0
2026-07-05 20:00:00,16.0,19.0,70.3375,83.44166666666666,8.433333333333334,113.65,120280.0,35.0
2026-07-05 21:00:00,26.0,18.0,72.32628205128205,69.125,6.9,266.76666666666665,183090.0,44.0
2026-07-05 22:00:00,23.0,28.0,46.594927536231886,53.61666666666667,8.15,82.08333333333333,150460.0,51.0
2026-07-05 23:00:00,35.0,28.0,68.45714285714286,62.93333333333333,10.533333333333333,325.3666666666667,235290.0,63.0
2026-07-06 00:00:00,26.0,26.0,59.24871794871795,63.791666666666664,10.916666666666666,106.6,174240.0,52.0
2026-07-06 01:00:00,5.0,29.0,113.60666666666665,44.083333333333336,18.566666666666666,436.5,40270.0,34.0
2026-07-06 02:00:00,0.0,6.0,0.0,0.0,0.0,0.0,0.0,6.0
2026-07-06 03:00:00,1.0,0.0,401.4,401.4,401.4,401.4,5930.0,1.0
2026-07-06 04:00:00,0.0,1.0,0.0,0.0,0.0,0.0,0.0,1.0
2026-07-06 05:00:00,1.0,0.0,442.3666666666667,442.3666666666667,442.3666666666667,442.3666666666667,11790.0,1.0
2026-07-06 07:00:00,22.0,7.0,89.95357142857142,59.875,8.083333333333334,393.81666666666666,264090.0,29.0
2026-07-06 08:00:00,34.0,21.0,72.09137931034483,77.28333333333333,8.883333333333333,243.48333333333332,212410.0,55.0
2026-07-06 09:00:00,17.0,18.0,158.2813725490196,75.8,12.483333333333333,780.6833333333333,121420.0,35.0
2026-07-06 10:00:00,22.0,25.0,48.41428571428572,59.88333333333333,7.5,72.13333333333334,138640.0,47.0
2026-07-06 11:00:00,23.0,28.0,52.660869565217396,62.483333333333334,6.133333333333334,113.95,152740.0,51.0
2026-07-06 12:00:00,22.0,21.0,83.63560606060607,63.44166666666666,9.083333333333334,716.1833333333333,148990.0,43.0
2026-07-06 13:00:00,37.0,28.0,83.3454954954955,51.916666666666664,8.65,1419.9666666666667,256380.0,65.0
2026-07-06 14:00:00,27.0,36.0,51.538888888888884,52.78333333333333,6.183333333333334,107.43333333333334,179490.0,63.0
2026-07-06 15:00:00,24.0,23.0,60.020833333333336,71.55833333333334,5.466666666666667,102.1,154190.0,47.0
2026-07-06 16:00:00,25.0,22.0,80.248,72.5,7.433333333333334,631.6333333333333,163160.0,47.0
2026-07-06 17:00:00,17.0,18.0,68.33333333333334,80.23333333333333,7.066666666666666,102.58333333333333,110200.0,35.0
2026-07-06 18:00:00,12.0,15.0,94.56111111111112,98.55833333333334,8.3,123.93333333333334,78680.0,27.0
2026-07-06 19:00:00,19.0,18.0,78.91491228070174,104.26666666666667,9.433333333333334,154.3,127020.0,37.0
2026-07-06 20:00:00,20.0,19.0,72.19333333333333,90.67500000000001,6.95,131.8,135950.0,39.0
2026-07-06 21:00:00,7.0,13.0,77.65714285714286,87.25,9.533333333333333,101.3,42950.0,20.0
2026-07-06 22:00:00,12.0,16.0,66.28888888888889,74.60833333333333,12.25,101.28333333333333,83260.0,28.0
2026-07-06 23:00:00,31.0,16.0,81.88494623655914,82.3,5.566666666666666,404.7,214370.0,47.0
2026-07-07 00:00:00,13.0,19.0,73.46538461538461,78.76666666666667,7.8,109.21666666666667,94520.0,32.0
2026-07-07 01:00:00,26.0,25.0,74.56153846153846,75.35833333333333,7.416666666666667,402.8833333333333,180550.0,51.0
2026-07-07 02:00:00,26.0,16.0,92.7102564102564,99.125,7.3,140.58333333333334,170280.0,42.0
2026-07-07 03:00:00,18.0,23.0,96.60740740740741,88.20833333333334,6.333333333333333,443.06666666666666,123580.0,41.0
2026-07-07 04:00:00,17.0,18.0,74.4843137254902,79.61666666666666,7.416666666666667,132.8,119390.0,35.0
2026-07-07 05:00:00,19.0,20.0,76.64298245614036,89.33333333333333,8.083333333333334,111.83333333333333,130030.0,39.0
2026-07-07 06:00:00,0.0,21.0,0.0,0.0,0.0,0.0,0.0,21.0
2026-07-07 07:00:00,7.0,9.0,137.46428571428572,22.25,16.3,831.6,48090.0,16.0
2026-07-07 08:00:00,1.0,3.0,1344.7333333333333,1344.7333333333333,1344.7333333333333,1344.7333333333333,5850.0,4.0
2026-07-07 10:00:00,0.0,1.0,0.0,0.0,0.0,0.0,0.0,1.0
2026-07-07 12:00:00,1.0,0.0,1275.1666666666667,1275.1666666666667,1275.1666666666667,1275.1666666666667,10500.0,1.0
2026-07-07 13:00:00,2.0,2.0,9.783333333333333,9.783333333333333,9.45,10.116666666666667,6600.0,4.0
2026-07-07 14:00:00,1.0,1.0,1062.75,1062.75,1062.75,1062.75,2370.0,2.0
2026-07-07 21:00:00,0.0,1.0,0.0,0.0,0.0,0.0,0.0,1.0
2026-07-07 22:00:00,1.0,0.0,435.6666666666667,435.6666666666667,435.6666666666667,435.6666666666667,10380.0,1.0
2026-07-08 05:00:00,0.0,1.0,0.0,0.0,0.0,0.0,0.0,1.0
2026-07-08 06:00:00,1.0,0.0,302.93333333333334,302.93333333333334,302.93333333333334,302.93333333333334,10140.0,1.0
2026-07-08 07:00:00,26.0,12.0,67.36904761904762,47.84166666666667,5.85,395.4166666666667,244020.0,38.0
2026-07-08 08:00:00,38.0,17.0,88.51576576576576,92.56666666666666,7.0,316.05,285740.0,55.0
2026-07-08 09:00:00,34.0,24.0,110.47500000000001,122.91666666666666,7.3,247.5,252030.0,58.0
2026-07-08 10:00:00,25.0,24.0,98.93958333333335,121.29166666666666,6.816666666666666,142.23333333333332,168280.0,49.0
2026-07-08 11:00:00,28.0,27.0,100.46309523809524,115.63333333333333,8.983333333333333,225.23333333333332,189270.0,55.0
2026-07-08 12:00:00,19.0,27.0,90.64035087719299,120.4,6.916666666666667,137.93333333333334,128500.0,46.0
2026-07-08 13:00:00,26.0,29.0,104.74102564102563,108.19166666666666,6.733333333333333,443.1166666666667,179200.0,55.0
2026-07-08 14:00:00,14.0,30.0,115.52499999999999,97.225,5.35,596.35,87380.0,44.0
2026-07-08 15:00:00,29.0,27.0,83.55689655172414,60.4,5.733333333333333,997.9,208540.0,56.0
2026-07-08 16:00:00,28.0,26.0,48.115476190476194,58.141666666666666,6.583333333333333,86.55,206650.0,54.0
2026-07-08 17:00:00,19.0,28.0,44.84298245614035,49.55,7.8,85.35,148080.0,47.0
2026-07-08 18:00:00,34.0,26.0,75.47303921568628,62.8,6.383333333333334,834.9333333333333,244140.0,60.0
2026-07-08 19:00:00,27.0,24.0,51.129629629629626,63.766666666666666,8.35,92.46666666666667,200160.0,51.0
2026-07-08 20:00:00,31.0,29.0,67.10698924731183,75.11666666666666,10.883333333333333,120.26666666666667,221990.0,60.0
2026-07-08 21:00:00,31.0,27.0,107.76989247311829,105.91666666666667,8.7,710.4333333333333,225970.0,58.0
2026-07-08 22:00:00,23.0,20.0,124.0195652173913,142.93333333333334,8.5,205.18333333333334,160610.0,43.0
2026-07-08 23:00:00,10.0,15.0,148.475,133.65,8.416666666666666,424.68333333333334,69850.0,25.0
2026-07-09 00:00:00,21.0,19.0,114.9484126984127,140.33333333333334,6.983333333333333,195.71666666666667,157040.0,40.0
2026-07-09 01:00:00,2.0,13.0,76.74166666666667,76.74166666666667,8.3,145.18333333333334,17930.0,15.0
2026-07-09 02:00:00,1.0,13.0,476.1666666666667,476.1666666666667,476.1666666666667,476.1666666666667,5530.0,14.0
2026-07-09 03:00:00,0.0,8.0,0.0,0.0,0.0,0.0,0.0,8.0
2026-07-09 06:00:00,0.0,1.0,0.0,0.0,0.0,0.0,0.0,1.0
2026-07-09 07:00:00,29.0,12.0,63.21666666666667,50.88333333333333,7.216666666666667,158.13333333333333,240760.0,41.0
2026-07-09 08:00:00,12.0,9.0,74.86999999999999,64.50833333333333,32.93333333333333,250.75,67410.0,21.0
2026-07-09 09:00:00,13.0,23.0,69.475,37.31666666666667,14.533333333333333,395.48333333333335,113040.0,36.0
2026-07-09 10:00:00,16.0,22.0,29.868888888888886,27.116666666666667,7.116666666666666,56.38333333333333,94790.0,38.0
2026-07-09 11:00:00,18.0,18.0,46.480555555555554,22.258333333333333,7.9,507.8833333333333,115360.0,36.0
2026-07-09 12:00:00,18.0,18.0,21.81574074074074,20.71666666666667,6.583333333333333,47.7,119040.0,36.0
2026-07-09 13:00:00,8.0,10.0,46.18703703703704,37.38333333333333,9.116666666666667,144.18333333333334,76570.0,18.0
2026-07-09 14:00:00,13.0,10.0,31.16025641025641,27.8,7.4,89.06666666666666,85310.0,23.0
2026-07-09 15:00:00,15.0,12.0,104.19047619047618,36.95833333333333,6.966666666666667,1039.2166666666667,90790.0,27.0
2026-07-09 16:00:00,18.0,16.0,89.98148148148148,50.125,7.35,558.0166666666667,124850.0,34.0
2026-07-09 17:00:00,21.0,20.0,38.682539682539684,40.333333333333336,8.2,77.96666666666667,143430.0,41.0
2026-07-09 18:00:00,17.0,13.0,53.24901960784314,52.81666666666667,26.45,77.86666666666666,120130.0,30.0
2026-07-09 19:00:00,16.0,16.0,39.978125,42.766666666666666,9.65,60.833333333333336,115720.0,32.0
2026-07-09 20:00:00,14.0,20.0,65.43214285714286,26.433333333333334,6.083333333333333,535.7166666666667,94790.0,34.0
2026-07-09 21:00:00,31.0,22.0,32.38172043010753,32.96666666666667,8.216666666666667,54.06666666666667,210330.0,53.0
2026-07-09 22:00:00,29.0,28.0,42.41379310344828,44.28333333333333,13.133333333333333,70.23333333333333,199660.0,57.0
2026-07-09 23:00:00,25.0,25.0,73.93,48.916666666666664,13.6,681.8833333333333,187770.0,50.0
2026-07-10 00:00:00,33.0,25.0,66.67878787878789,73.0,7.416666666666667,135.98333333333332,247330.0,58.0
2026-07-10 01:00:00,38.0,25.0,127.34473684210528,145.08333333333331,6.416666666666667,227.15,255560.0,63.0
2026-07-10 02:00:00,6.0,10.0,139.65,119.75833333333333,8.833333333333334,375.78333333333336,48860.0,16.0
2026-07-10 03:00:00,0.0,16.0,0.0,0.0,0.0,0.0,0.0,16.0
2026-07-10 04:00:00,0.0,15.0,0.0,0.0,0.0,0.0,0.0,15.0
2026-07-10 05:00:00,1.0,7.0,12.566666666666666,12.566666666666666,12.566666666666666,12.566666666666666,8990.0,8.0
2026-07-10 06:00:00,2.0,0.0,223.275,223.275,55.166666666666664,391.3833333333333,10530.0,2.0
2026-07-10 07:00:00,17.0,7.0,58.112037037037034,51.425,6.05,160.81666666666666,136510.0,24.0
2026-07-10 08:00:00,1.0,9.0,261.43,343.75,90.43333333333334,368.96666666666664,91640.0,10.0
2026-07-10 09:00:00,13.0,7.0,160.41111111111113,67.83333333333333,10.1,877.1,49790.0,20.0
2026-07-10 10:00:00,25.0,19.0,23.873611111111114,24.941666666666666,7.016666666666667,41.85,153460.0,44.0
2026-07-10 11:00:00,17.0,19.0,70.83627450980393,53.68333333333333,9.25,451.45,121730.0,36.0
2026-07-10 12:00:00,13.0,14.0,49.3551282051282,49.63333333333333,34.18333333333333,65.61666666666666,83460.0,27.0
2026-07-10 13:00:00,16.0,18.0,117.03921568627452,49.38333333333333,8.066666666666666,1255.25,99740.0,34.0
2026-07-10 14:00:00,18.0,21.0,41.56960784313725,46.6,5.7,81.3,120850.0,39.0
2026-07-10 15:00:00,27.0,19.0,57.01296296296296,39.583333333333336,6.716666666666667,630.25,182290.0,46.0
2026-07-10 16:00:00,10.0,15.0,49.64666666666666,46.45,28.183333333333334,78.21666666666667,73500.0,25.0
2026-07-10 17:00:00,26.0,23.0,27.28397435897436,27.858333333333334,9.066666666666666,60.166666666666664,179310.0,49.0
2026-07-10 18:00:00,16.0,22.0,31.9,36.0,9.383333333333333,51.81666666666667,100320.0,38.0
2026-07-10 19:00:00,26.0,16.0,74.46153846153847,61.325,8.55,569.6,168680.0,42.0
2026-07-10 20:00:00,13.0,12.0,82.28333333333333,97.01666666666667,10.766666666666667,113.66666666666667,89790.0,25.0
2026-07-10 21:00:00,13.0,17.0,47.075641025641026,60.78333333333333,12.916666666666666,84.23333333333333,89300.0,30.0
2026-07-10 22:00:00,8.0,14.0,31.710416666666667,27.591666666666665,16.866666666666667,53.55,65170.0,22.0
2026-07-10 23:00:00,32.0,20.0,46.8859375,51.325,5.633333333333334,90.8,212370.0,52.0
2026-07-11 00:00:00,28.0,17.0,132.9386904761905,116.65833333333333,9.066666666666666,667.35,197080.0,45.0
2026-07-11 01:00:00,28.0,21.0,118.91964285714286,153.625,7.9,240.83333333333334,198310.0,49.0
2026-07-11 02:00:00,20.0,14.0,143.69916666666666,159.96666666666667,11.216666666666667,234.83333333333334,144960.0,34.0
2026-07-11 03:00:00,13.0,19.0,173.83846153846156,134.28333333333333,8.766666666666667,868.3166666666667,88560.0,32.0
2026-07-11 04:00:00,1.0,16.0,36.28333333333333,36.28333333333333,36.28333333333333,36.28333333333333,7010.0,17.0
2026-07-11 05:00:00,2.0,18.0,325.9083333333333,325.9083333333333,12.05,639.7666666666667,19820.0,20.0
2026-07-11 06:00:00,0.0,7.0,0.0,0.0,0.0,0.0,0.0,7.0
2026-07-11 07:00:00,19.0,5.0,46.51190476190476,36.21666666666667,10.133333333333333,179.13333333333333,166700.0,24.0
2026-07-11 08:00:00,23.0,17.0,91.00454545454545,97.26666666666667,8.583333333333334,158.1,163000.0,40.0
2026-07-11 09:00:00,3.0,9.0,61.16666666666667,61.16666666666667,8.616666666666667,113.71666666666667,12020.0,12.0
2026-07-11 10:00:00,16.0,16.0,143.03333333333333,67.30000000000001,8.7,1316.1,112280.0,32.0
2026-07-11 11:00:00,16.0,14.0,52.46666666666667,64.2,6.65,83.03333333333333,107510.0,30.0
2026-07-11 12:00:00,15.0,16.0,48.38111111111111,56.8,8.933333333333334,80.95,93620.0,31.0
2026-07-11 13:00:00,22.0,22.0,75.43106060606061,64.31666666666666,7.466666666666667,655.0333333333333,154090.0,44.0
2026-07-11 14:00:00,22.0,18.0,59.5810606060606,68.675,7.8,88.61666666666666,139470.0,40.0
2026-07-11 15:00:00,8.0,15.0,95.10416666666667,94.94999999999999,76.46666666666667,111.68333333333334,55150.0,23.0
2026-07-11 16:00:00,24.0,18.0,58.795138888888886,59.43333333333334,6.116666666666666,243.43333333333334,178130.0,42.0
2026-07-11 17:00:00,22.0,20.0,64.29242424242425,76.59166666666667,9.2,103.63333333333334,149030.0,42.0
2026-07-11 18:00:00,17.0,16.0,73.11568627450981,72.58333333333333,7.5,212.61666666666667,110740.0,33.0
2026-07-11 19:00:00,22.0,19.0,69.12348484848485,74.76666666666667,7.116666666666666,133.05,151590.0,41.0
2026-07-11 20:00:00,16.0,16.0,91.65520833333333,82.89166666666667,12.683333333333334,395.31666666666666,112440.0,32.0
2026-07-11 21:00:00,6.0,17.0,65.68333333333334,64.36666666666667,14.85,108.66666666666667,42590.0,23.0
2026-07-11 22:00:00,27.0,20.0,81.36543209876544,69.76666666666667,8.083333333333334,623.7833333333333,193050.0,47.0
2026-07-11 23:00:00,22.0,21.0,57.821969696969695,67.5,8.066666666666666,111.58333333333333,143270.0,43.0
2026-07-12 00:00:00,17.0,20.0,99.70882352941176,70.73333333333333,7.95,365.6666666666667,121620.0,37.0
2026-07-12 01:00:00,9.0,16.0,38.98148148148148,48.5,5.9,64.91666666666667,56370.0,25.0
2026-07-12 02:00:00,17.0,13.0,64.81470588235294,65.7,8.216666666666667,115.26666666666667,113750.0,30.0
2026-07-12 03:00:00,21.0,17.0,100.62063492063491,88.18333333333334,11.35,550.35,155360.0,38.0
2026-07-12 04:00:00,11.0,15.0,53.86666666666667,64.15,7.4,86.71666666666667,71100.0,26.0
2026-07-12 05:00:00,20.0,15.0,97.13416666666666,83.94999999999999,11.583333333333334,225.21666666666667,136180.0,35.0
2026-07-12 06:00:00,12.0,13.0,90.00972222222224,91.74166666666667,9.533333333333333,144.6,86220.0,25.0
2026-07-12 07:00:00,29.0,10.0,129.0758620689655,130.95,7.783333333333333,489.25,207020.0,39.0
2026-07-12 08:00:00,0.0,17.0,0.0,0.0,0.0,0.0,0.0,17.0
2026-07-12 09:00:00,11.0,18.0,75.17878787878787,43.766666666666666,8.466666666666667,267.95,84920.0,29.0
2026-07-12 10:00:00,8.0,12.0,108.01666666666667,74.25833333333333,33.6,399.0,59100.0,20.0
2026-07-12 11:00:00,0.0,10.0,0.0,0.0,0.0,0.0,0.0,10.0
2026-07-12 12:00:00,0.0,1.0,0.0,0.0,0.0,0.0,0.0,1.0
2026-07-12 13:00:00,1.0,1.0,434.1333333333333,434.1333333333333,434.1333333333333,434.1333333333333,11990.0,2.0
2026-07-12 14:00:00,1.0,0.0,1117.3833333333334,1117.3833333333334,1117.3833333333334,1117.3833333333334,3960.0,1.0
2026-07-12 15:00:00,0.0,1.0,0.0,0.0,0.0,0.0,0.0,1.0
2026-07-12 16:00:00,1.0,0.0,539.85,539.85,539.85,539.85,9250.0,1.0
2026-07-12 17:00:00,0.0,1.0,0.0,0.0,0.0,0.0,0.0,1.0
2026-07-12 18:00:00,1.0,0.0,231.88333333333333,231.88333333333333,231.88333333333333,231.88333333333333,5550.0,1.0
2026-07-12 20:00:00,0.0,1.0,0.0,0.0,0.0,0.0,0.0,1.0
2026-07-12 21:00:00,1.0,0.0,549.1,549.1,549.1,549.1,11880.0,1.0
2026-07-12 22:00:00,0.0,1.0,0.0,0.0,0.0,0.0,0.0,1.0
2026-07-12 23:00:00,1.0,0.0,502.9166666666667,502.9166666666667,502.9166666666667,502.9166666666667,6230.0,1.0
2026-07-13 01:00:00,1.0,1.0,462.18333333333334,462.18333333333334,462.18333333333334,462.18333333333334,8170.0,2.0
2026-07-13 06:00:00,1.0,1.0,8.4,8.4,8.4,8.4,8760.0,2.0
2026-07-13 07:00:00,14.0,9.0,87.45196078431371,42.35,9.383333333333333,403.71666666666664,171550.0,23.0
2026-07-13 08:00:00,19.0,16.0,22.712037037037035,23.641666666666666,8.433333333333334,36.36666666666667,121510.0,35.0
2026-07-13 09:00:00,21.0,20.0,68.18166666666667,33.849999999999994,9.35,548.25,166540.0,41.0
2026-07-13 10:00:00,35.0,29.0,27.58872549019608,27.983333333333334,11.633333333333333,47.833333333333336,252810.0,64.0
2026-07-13 11:00:00,16.0,22.0,60.165625,45.25,9.983333333333333,336.96666666666664,116790.0,38.0
2026-07-13 12:00:00,22.0,20.0,37.747727272727275,37.733333333333334,7.983333333333333,67.78333333333333,159730.0,42.0
2026-07-13 13:00:00,24.0,23.0,86.07916666666665,43.21666666666667,9.566666666666666,1171.6166666666666,166040.0,47.0
2026-07-13 14:00:00,19.0,17.0,53.367543859649125,55.13333333333333,8.2,77.28333333333333,145820.0,36.0
2026-07-13 15:00:00,24.0,21.0,45.38263888888889,56.0,7.183333333333334,69.45,158680.0,45.0
2026-07-13 16:00:00,16.0,18.0,47.18125,51.00833333333333,7.266666666666667,62.86666666666667,114150.0,34.0
2026-07-13 17:00:00,18.0,19.0,63.705555555555556,54.599999999999994,7.766666666666667,269.71666666666664,129230.0,37.0
2026-07-13 18:00:00,21.0,16.0,75.19920634920635,83.11666666666666,8.166666666666666,297.53333333333336,146570.0,37.0
2026-07-13 19:00:00,21.0,18.0,79.2563492063492,88.93333333333334,8.216666666666667,314.0,149410.0,39.0
2026-07-13 20:00:00,9.0,14.0,46.04259259259259,51.46666666666667,12.833333333333334,74.91666666666667,58130.0,23.0
2026-07-13 21:00:00,23.0,20.0,54.06884057971014,67.45,10.25,88.75,167330.0,43.0
2026-07-13 22:00:00,15.0,21.0,70.00222222222222,62.93333333333333,9.666666666666666,284.8666666666667,108350.0,36.0
2026-07-13 23:00:00,32.0,20.0,67.43645833333333,73.1,8.733333333333333,116.91666666666667,225370.0,52.0
2026-07-14 00:00:00,29.0,20.0,105.14482758620689,113.06666666666666,6.583333333333333,288.8666666666667,212350.0,49.0
2026-07-14 01:00:00,8.0,19.0,126.49791666666667,146.23333333333335,10.3,345.43333333333334,60570.0,27.0
2026-07-14 02:00:00,24.0,17.0,90.96944444444443,106.93333333333334,7.6,142.41666666666666,184960.0,41.0
2026-07-14 03:00:00,2.0,18.0,70.0,70.0,54.21666666666667,85.78333333333333,11760.0,20.0
2026-07-14 04:00:00,32.0,19.0,89.81666666666666,92.925,9.983333333333333,364.46666666666664,221730.0,51.0
2026-07-14 05:00:00,17.0,17.0,85.35882352941178,96.68333333333334,9.4,148.28333333333333,120640.0,34.0
2026-07-14 06:00:00,8.0,15.0,133.8,120.19999999999999,10.516666666666667,349.5,59510.0,23.0
2026-07-14 07:00:00,13.0,19.0,75.88589743589743,82.7,8.233333333333333,353.8833333333333,97710.0,32.0
2026-07-14 08:00:00,8.0,15.0,78.58166666666666,67.275,10.283333333333333,162.63333333333333,100630.0,23.0
2026-07-14 09:00:00,26.0,21.0,34.94652777777778,35.5,7.95,97.91666666666667,152470.0,47.0
2026-07-14 10:00:00,24.0,23.0,57.53888888888889,48.30833333333333,8.233333333333333,387.46666666666664,173720.0,47.0
2026-07-14 11:00:00,21.0,23.0,45.93174603174603,50.81666666666667,9.816666666666666,96.08333333333333,158510.0,44.0
2026-07-14 12:00:00,18.0,17.0,56.73148148148148,60.81666666666666,7.75,91.96666666666667,126200.0,35.0
2026-07-14 13:00:00,21.0,19.0,53.01984126984127,43.71666666666667,10.616666666666667,320.6166666666667,148590.0,40.0
2026-07-14 14:00:00,13.0,20.0,45.30897435897436,48.71666666666667,6.95,66.13333333333334,91970.0,33.0
2026-07-14 15:00:00,24.0,18.0,93.03819444444444,55.95,7.666666666666667,1057.05,169560.0,42.0
2026-07-14 16:00:00,19.0,19.0,51.01929824561404,58.516666666666666,8.2,100.06666666666666,132100.0,38.0
2026-07-14 17:00:00,17.0,18.0,75.78039215686275,60.083333333333336,6.716666666666667,490.23333333333335,122910.0,35.0
2026-07-14 18:00:00,16.0,15.0,67.05833333333334,68.19166666666666,9.116666666666667,119.41666666666667,117070.0,31.0
2026-07-14 19:00:00,14.0,13.0,63.695238095238096,77.51666666666667,9.05,88.46666666666667,106500.0,27.0
2026-07-14 20:00:00,15.0,18.0,73.32111111111111,69.18333333333334,7.35,448.96666666666664,104850.0,33.0
2026-07-14 21:00:00,19.0,15.0,50.72631578947368,56.11666666666667,9.833333333333334,75.6,139830.0,34.0
2026-07-14 22:00:00,13.0,18.0,45.82435897435898,56.21666666666667,7.283333333333333,79.95,90380.0,31.0
2026-07-14 23:00:00,32.0,23.0,58.98385416666667,62.84166666666667,8.583333333333334,121.51666666666667,232110.0,55.0
2026-07-15 00:00:00,10.0,15.0,98.16333333333334,74.74166666666667,7.083333333333333,426.1,68280.0,25.0
2026-07-15 01:00:00,36.0,19.0,86.60138888888889,90.89166666666667,7.7,166.33333333333334,255340.0,55.0
2026-07-15 02:00:00,7.0,15.0,90.33571428571429,89.4,64.8,115.31666666666666,46190.0,22.0
2026-07-15 03:00:00,30.0,20.0,132.0011111111111,142.93333333333334,7.916666666666667,451.8333333333333,196480.0,50.0
2026-07-15 04:00:00,19.0,17.0,144.1938596491228,157.43333333333334,8.133333333333333,207.9,146340.0,36.0
2026-07-15 05:00:00,7.0,13.0,98.85952380952381,100.46666666666667,13.266666666666667,209.4,52740.0,20.0
2026-07-15 06:00:00,6.0,17.0,61.23888888888889,76.64166666666667,11.283333333333333,97.16666666666667,38560.0,23.0
2026-07-15 07:00:00,29.0,20.0,117.39509803921568,109.94166666666666,7.033333333333333,501.53333333333336,292300.0,49.0
2026-07-15 08:00:00,20.0,18.0,123.29375,128.24166666666667,8.116666666666667,159.36666666666667,112000.0,38.0
2026-07-15 09:00:00,9.0,15.0,101.15208333333334,112.25,16.416666666666668,143.0,56220.0,24.0
2026-07-15 10:00:00,12.0,20.0,43.27222222222222,49.80833333333334,6.533333333333333,84.26666666666667,84090.0,32.0
2026-07-15 11:00:00,11.0,21.0,75.48787878787878,38.5,7.216666666666667,430.1333333333333,84920.0,32.0
2026-07-15 12:00:00,10.0,9.0,82.77121212121212,92.25,8.533333333333333,171.6,85210.0,19.0
2026-07-15 13:00:00,12.0,12.0,61.4125,61.05833333333333,8.066666666666666,126.88333333333334,72950.0,24.0
2026-07-15 14:00:00,13.0,11.0,60.34583333333333,38.46666666666667,8.0,368.71666666666664,80480.0,24.0
2026-07-15 15:00:00,11.0,16.0,127.80303030303031,31.1,6.9,1062.9833333333333,77140.0,27.0
2026-07-15 16:00:00,21.0,13.0,47.834920634920636,35.28333333333333,6.833333333333333,325.8333333333333,138520.0,34.0
2026-07-15 17:00:00,21.0,20.0,31.138888888888886,35.03333333333333,5.816666666666666,64.21666666666667,148670.0,41.0
2026-07-15 18:00:00,15.0,17.0,42.87777777777777,41.78333333333333,8.9,76.21666666666667,108200.0,32.0
2026-07-15 19:00:00,12.0,14.0,76.89861111111111,49.141666666666666,9.916666666666666,368.6166666666667,87860.0,26.0
2026-07-15 20:00:00,16.0,17.0,41.79270833333334,43.28333333333333,8.25,92.06666666666666,103100.0,33.0
2026-07-15 21:00:00,23.0,19.0,50.334782608695654,42.88333333333333,8.866666666666667,316.76666666666665,153830.0,42.0
2026-07-15 22:00:00,15.0,15.0,73.38444444444444,56.61666666666667,9.216666666666667,365.96666666666664,106420.0,30.0
2026-07-15 23:00:00,24.0,17.0,67.09375,72.83333333333334,7.583333333333333,97.98333333333333,157890.0,41.0
2026-07-16 00:00:00,25.0,22.0,73.02666666666666,90.25,6.35,128.23333333333332,173520.0,47.0
2026-07-16 01:00:00,23.0,16.0,136.05,132.91666666666666,6.9,375.73333333333335,171770.0,39.0
2026-07-16 02:00:00,24.0,19.0,111.3625,132.00833333333333,7.766666666666667,239.81666666666666,161770.0,43.0
2026-07-16 03:00:00,18.0,15.0,152.97777777777776,139.78333333333333,8.0,320.01666666666665,110940.0,33.0
2026-07-16 04:00:00,16.0,19.0,85.02708333333334,107.51666666666667,7.2,145.61666666666667,94640.0,35.0
2026-07-16 05:00:00,18.0,17.0,144.91111111111113,146.00833333333333,9.933333333333334,375.56666666666666,115570.0,35.0
2026-07-16 06:00:00,15.0,14.0,176.36111111111111,173.26666666666668,144.2,205.18333333333334,97260.0,29.0
2026-07-16 07:00:00,6.0,17.0,118.65208333333334,124.525,8.95,235.93333333333334,79630.0,23.0
2026-07-16 08:00:00,6.0,13.0,143.24333333333334,94.78333333333333,34.06666666666667,315.76666666666665,54930.0,19.0
2026-07-16 09:00:00,10.0,16.0,68.79444444444444,80.16666666666667,13.15,98.36666666666666,54500.0,26.0
2026-07-16 10:00:00,22.0,21.0,61.6439393939394,59.983333333333334,7.266666666666667,333.68333333333334,144650.0,43.0
2026-07-16 11:00:00,30.0,27.0,58.135,69.76666666666667,10.55,106.91666666666667,184470.0,57.0
2026-07-16 12:00:00,0.0,14.0,0.0,0.0,0.0,0.0,0.0,14.0
2026-07-16 13:00:00,2.0,6.0,153.725,153.725,18.683333333333334,288.76666666666665,13690.0,8.0
2026-07-16 14:00:00,2.0,2.0,217.53333333333333,217.53333333333333,25.316666666666666,409.75,16880.0,4.0
2026-07-16 15:00:00,1.0,1.0,995.4166666666666,995.4166666666666,995.4166666666666,995.4166666666666,4590.0,2.0
2026-07-16 17:00:00,1.0,0.0,481.73333333333335,481.73333333333335,481.73333333333335,481.73333333333335,6800.0,1.0
2026-07-16 18:00:00,1.0,1.0,329.03333333333336,329.03333333333336,329.03333333333336,329.03333333333336,9100.0,2.0
2026-07-16 21:00:00,1.0,1.0,446.98333333333335,446.98333333333335,446.98333333333335,446.98333333333335,12030.0,2.0
2026-07-16 23:00:00,0.0,1.0,0.0,0.0,0.0,0.0,0.0,1.0
2026-07-17 00:00:00,1.0,0.0,425.03333333333336,425.03333333333336,425.03333333333336,425.03333333333336,8630.0,1.0
2026-07-17 01:00:00,0.0,1.0,0.0,0.0,0.0,0.0,0.0,1.0
2026-07-17 02:00:00,1.0,0.0,394.81666666666666,394.81666666666666,394.81666666666666,394.81666666666666,6230.0,1.0
2026-07-17 05:00:00,1.0,1.0,427.68333333333334,427.68333333333334,427.68333333333334,427.68333333333334,10720.0,2.0
2026-07-17 07:00:00,1.0,1.0,142.18333333333334,142.18333333333334,142.18333333333334,142.18333333333334,5960.0,2.0
2026-07-17 08:00:00,1.0,2.0,20.0,20.0,20.0,20.0,5460.0,3.0
2026-07-17 09:00:00,1.0,1.0,62.0,62.0,62.0,62.0,5530.0,2.0
2026-07-17 10:00:00,0.0,2.0,0.0,0.0,0.0,0.0,0.0,2.0
2026-07-17 11:00:00,1.0,0.0,190.58333333333334,190.58333333333334,190.58333333333334,190.58333333333334,5540.0,1.0
2026-07-17 12:00:00,1.0,1.0,210.08333333333334,210.08333333333334,210.08333333333334,210.08333333333334,7730.0,2.0
2026-07-17 13:00:00,1.0,0.0,116.225,116.225,77.46666666666667,154.98333333333332,26490.0,1.0
2026-07-17 14:00:00,2.0,1.0,197.75,197.75,197.75,197.75,5970.0,3.0
2026-07-17 15:00:00,1.0,2.0,0.0,0.0,0.0,0.0,2220.0,3.0
2026-07-17 16:00:00,1.0,1.0,211.28333333333333,211.28333333333333,211.28333333333333,211.28333333333333,7820.0,2.0
2026-07-17 17:00:00,0.0,1.0,0.0,0.0,0.0,0.0,0.0,1.0
2026-07-17 18:00:00,1.0,0.0,209.86666666666667,209.86666666666667,209.86666666666667,209.86666666666667,5460.0,1.0
2026-07-17 20:00:00,1.0,1.0,217.05,217.05,217.05,217.05,8780.0,2.0
2026-07-17 21:00:00,0.0,1.0,0.0,0.0,0.0,0.0,0.0,1.0
2026-07-17 22:00:00,2.0,0.0,356.5083333333333,356.5083333333333,298.75,414.26666666666665,17890.0,2.0
2026-07-18 00:00:00,1.0,1.0,417.75,417.75,417.75,417.75,7750.0,2.0
2026-07-18 03:00:00,0.0,1.0,0.0,0.0,0.0,0.0,0.0,1.0
2026-07-18 04:00:00,1.0,0.0,0.0,0.0,0.0,0.0,10830.0,1.0
2026-07-18 05:00:00,0.0,1.0,0.0,0.0,0.0,0.0,0.0,1.0
2026-07-18 06:00:00,1.0,0.0,715.35,715.35,715.35,715.35,4370.0,1.0
2026-07-18 07:00:00,1.0,1.0,0.0,0.0,0.0,0.0,8020.0,2.0
2026-07-18 13:00:00,1.0,0.0,85.98333333333333,85.98333333333333,85.98333333333333,85.98333333333333,1340.0,1.0
2026-07-18 15:00:00,0.0,1.0,0.0,0.0,0.0,0.0,0.0,1.0
2026-07-18 18:00:00,0.0,1.0,0.0,0.0,0.0,0.0,0.0,1.0
2026-07-18 20:00:00,1.0,0.0,1240.6,1240.6,1240.6,1240.6,6330.0,1.0
2026-07-19 07:00:00,26.0,15.0,22.67051282051282,22.575,9.8,49.5,192180.0,41.0
2026-07-19 08:00:00,16.0,23.0,33.427083333333336,34.21666666666667,8.483333333333333,77.11666666666666,113790.0,39.0
2026-07-19 09:00:00,3.0,4.0,31.811111111111114,30.266666666666666,26.933333333333334,38.233333333333334,24400.0,7.0
2026-07-19 10:00:00,16.0,10.0,36.13645833333334,33.375,8.3,73.73333333333333,126290.0,26.0
2026-07-19 11:00:00,5.0,7.0,54.04666666666667,58.38333333333333,42.25,59.983333333333334,42180.0,12.0
2026-07-19 12:00:00,24.0,22.0,30.39236111111111,33.86666666666667,6.916666666666667,58.166666666666664,190120.0,46.0
2026-07-19 13:00:00,20.0,18.0,57.24416666666666,47.49166666666667,6.383333333333334,293.1166666666667,162380.0,38.0
2026-07-19 14:00:00,13.0,14.0,58.36538461538461,64.48333333333333,25.983333333333334,83.9,94120.0,27.0
2026-07-19 15:00:00,20.0,17.0,42.623333333333335,47.525,7.05,72.65,151940.0,37.0
2026-07-19 16:00:00,18.0,17.0,55.4787037037037,59.233333333333334,8.233333333333333,86.61666666666666,124290.0,35.0
2026-07-19 17:00:00,23.0,22.0,53.834057971014495,56.21666666666667,7.616666666666666,217.33333333333334,167640.0,45.0
2026-07-19 18:00:00,15.0,17.0,80.49777777777778,54.483333333333334,11.366666666666667,308.5833333333333,98490.0,32.0
2026-07-19 19:00:00,20.0,17.0,45.1925,52.34166666666667,8.566666666666666,70.43333333333334,137680.0,37.0
2026-07-19 20:00:00,25.0,22.0,54.588,63.766666666666666,5.866666666666666,103.86666666666666,182600.0,47.0
2026-07-19 21:00:00,14.0,20.0,75.69404761904762,56.81666666666666,7.883333333333334,405.6333333333333,98930.0,34.0
2026-07-19 22:00:00,27.0,19.0,56.306172839506175,68.63333333333334,7.95,84.26666666666667,191470.0,46.0
2026-07-19 23:00:00,29.0,22.0,99.88275862068966,97.93333333333334,7.983333333333333,414.9,200790.0,51.0
2026-07-20 00:00:00,33.0,21.0,116.71969696969697,121.48333333333333,5.733333333333333,459.75,236630.0,54.0
2026-07-20 01:00:00,22.0,22.0,130.72651515151514,161.91666666666669,6.166666666666667,188.48333333333332,165110.0,44.0
2026-07-20 02:00:00,18.0,15.0,123.9287037037037,153.54166666666669,11.066666666666666,203.81666666666666,136150.0,33.0
2026-07-20 03:00:00,23.0,26.0,116.32681159420291,161.43333333333334,7.733333333333333,181.08333333333334,170860.0,49.0
2026-07-20 04:00:00,26.0,19.0,160.86282051282052,160.58333333333331,9.95,616.3333333333334,205070.0,45.0
2026-07-20 05:00:00,11.0,18.0,189.28939393939393,209.66666666666666,13.65,255.58333333333334,93810.0,29.0
2026-07-20 06:00:00,14.0,18.0,120.10119047619048,130.85,9.066666666666666,273.06666666666666,101470.0,32.0
2026-07-20 07:00:00,24.0,23.0,138.91474358974358,152.4,6.983333333333333,388.46666666666664,247220.0,47.0
2026-07-20 08:00:00,6.0,16.0,220.2388888888889,254.65,35.233333333333334,370.8333333333333,51230.0,22.0
2026-07-20 09:00:00,15.0,21.0,38.22976190476191,24.03333333333333,6.0,94.35,86460.0,36.0
2026-07-20 10:00:00,22.0,19.0,97.84242424242424,83.18333333333334,16.4,480.35,156550.0,41.0
2026-07-20 11:00:00,8.0,16.0,61.23125,84.70833333333334,7.866666666666666,104.91666666666667,53750.0,24.0
2026-07-20 12:00:00,28.0,24.0,63.82083333333333,59.516666666666666,7.5,431.98333333333335,192160.0,52.0
2026-07-20 13:00:00,22.0,21.0,45.27424242424242,51.03333333333333,7.483333333333333,80.96666666666667,159170.0,43.0
2026-07-20 14:00:00,21.0,22.0,92.85952380952381,51.15,7.966666666666667,1110.4666666666667,143360.0,43.0
2026-07-20 15:00:00,14.0,20.0,69.48690476190475,48.61666666666667,10.05,391.5833333333333,111220.0,34.0
2026-07-20 16:00:00,19.0,19.0,41.74473684210526,42.21666666666667,7.283333333333333,73.7,148070.0,38.0
2026-07-20 17:00:00,27.0,20.0,52.10061728395062,53.166666666666664,7.883333333333334,112.05,197390.0,47.0
2026-07-20 18:00:00,15.0,18.0,80.88333333333334,76.6,6.95,346.3333333333333,113750.0,33.0
2026-07-20 19:00:00,7.0,13.0,43.385714285714286,46.9,14.366666666666667,73.5,49120.0,20.0
2026-07-20 20:00:00,11.0,14.0,76.08636363636364,72.55,11.366666666666667,275.6166666666667,81950.0,25.0
2026-07-20 21:00:00,11.0,11.0,69.5878787878788,77.23333333333333,7.366666666666666,108.68333333333334,77680.0,22.0
2026-07-20 22:00:00,12.0,11.0,78.61527777777778,58.45,11.433333333333334,358.6166666666667,81960.0,23.0
2026-07-20 23:00:00,20.0,13.0,43.085,50.99166666666667,6.783333333333333,67.16666666666667,138300.0,33.0
2026-07-21 00:00:00,29.0,21.0,86.32931034482759,68.58333333333333,6.766666666666667,366.5833333333333,209640.0,50.0
2026-07-21 01:00:00,32.0,21.0,116.7171875,126.80000000000001,7.8,213.48333333333332,226920.0,53.0
2026-07-21 02:00:00,12.0,11.0,151.64166666666668,162.08333333333334,8.733333333333333,343.3333333333333,89440.0,23.0
2026-07-21 03:00:00,8.0,16.0,93.23333333333333,99.36666666666667,12.1,195.61666666666667,55480.0,24.0
2026-07-21 04:00:00,20.0,20.0,91.0025,99.65,10.016666666666667,167.23333333333332,151120.0,40.0
2026-07-21 05:00:00,27.0,22.0,117.69135802469135,130.65,9.016666666666667,349.1166666666667,203320.0,49.0
2026-07-21 06:00:00,17.0,17.0,127.85196078431375,163.03333333333333,6.266666666666667,184.26666666666668,117250.0,34.0
2026-07-21 07:00:00,4.0,19.0,116.33611111111111,97.64166666666667,55.483333333333334,180.53333333333333,74540.0,23.0
2026-07-21 08:00:00,6.0,11.0,91.9,41.625,24.8,259.55,29300.0,17.0
2026-07-21 09:00:00,19.0,21.0,60.913157894736834,53.56666666666667,8.066666666666666,290.51666666666665,126020.0,40.0
2026-07-21 10:00:00,17.0,20.0,45.991176470588236,53.9,7.116666666666666,79.01666666666667,110670.0,37.0
2026-07-21 11:00:00,9.0,15.0,84.72777777777777,52.63333333333333,6.85,341.76666666666665,57420.0,24.0
2026-07-21 12:00:00,13.0,9.0,59.784615384615385,57.016666666666666,7.3,150.7,83320.0,22.0
2026-07-21 13:00:00,9.0,11.0,211.85185185185185,60.56666666666667,9.05,1183.65,58780.0,20.0
2026-07-21 14:00:00,11.0,10.0,46.85909090909092,50.016666666666666,7.033333333333333,67.53333333333333,78740.0,21.0
2026-07-21 15:00:00,13.0,10.0,82.5,69.81666666666666,7.583333333333333,393.95,98660.0,23.0
2026-07-21 16:00:00,11.0,9.0,57.99393939393939,81.98333333333333,8.633333333333333,95.61666666666666,74780.0,20.0
2026-07-21 17:00:00,9.0,8.0,50.71851851851852,48.31666666666667,8.316666666666666,104.35,62690.0,17.0
2026-07-21 18:00:00,15.0,19.0,50.28888888888889,29.25,7.366666666666666,387.48333333333335,109420.0,34.0
2026-07-21 19:00:00,18.0,19.0,41.81666666666667,44.79166666666667,8.283333333333333,70.6,125630.0,37.0
2026-07-21 20:00:00,17.0,16.0,58.11274509803922,43.21666666666667,6.883333333333334,412.23333333333335,121950.0,33.0
2026-07-21 21:00:00,25.0,23.0,34.230666666666664,38.71666666666667,7.566666666666666,61.85,188110.0,48.0
2026-07-21 22:00:00,24.0,20.0,52.675000000000004,42.516666666666666,7.833333333333333,350.5833333333333,164890.0,44.0
2026-07-21 23:00:00,32.0,21.0,72.30572916666667,84.85,6.933333333333334,118.68333333333334,230360.0,53.0
2026-07-22 00:00:00,28.0,14.0,147.1345238095238,135.25833333333333,13.383333333333333,272.3833333333333,200960.0,42.0
2026-07-22 01:00:00,33.0,26.0,160.65,197.88333333333333,7.166666666666667,441.53333333333336,235940.0,59.0
2026-07-22 02:00:00,13.0,17.0,192.3653846153846,216.8,9.266666666666667,435.6333333333333,87240.0,30.0
2026-07-22 03:00:00,21.0,11.0,229.16031746031746,249.61666666666667,6.916666666666667,460.2,150190.0,32.0
2026-07-22 04:00:00,7.0,14.0,154.39285714285714,218.13333333333333,10.033333333333333,282.21666666666664,50720.0,21.0
2026-07-22 05:00:00,5.0,16.0,164.00666666666666,180.95,10.283333333333333,424.43333333333334,37200.0,21.0
2026-07-22 06:00:00,7.0,14.0,116.35952380952381,148.65,15.9,170.96666666666667,48650.0,21.0
2026-07-22 07:00:00,10.0,13.0,145.58229166666666,134.675,8.2,275.5,201110.0,23.0
2026-07-22 08:00:00,12.0,15.0,134.875,83.475,10.65,454.3833333333333,46300.0,27.0
2026-07-22 09:00:00,11.0,17.0,68.22424242424243,76.4,11.133333333333333,86.26666666666667,72630.0,28.0
2026-07-22 10:00:00,8.0,11.0,61.579166666666666,69.24166666666667,11.233333333333333,99.05,52850.0,19.0
2026-07-22 11:00:00,13.0,12.0,94.08076923076922,79.31666666666666,7.0,426.01666666666665,92910.0,25.0
2026-07-22 12:00:00,8.0,16.0,38.90208333333334,32.49166666666667,10.616666666666667,80.88333333333334,55300.0,24.0
2026-07-22 13:00:00,10.0,9.0,64.89666666666668,70.525,18.666666666666668,89.51666666666667,70440.0,19.0
2026-07-22 14:00:00,28.0,18.0,53.78035714285714,48.35,7.883333333333334,351.93333333333334,190950.0,46.0
2026-07-22 15:00:00,16.0,23.0,96.49375,38.05833333333334,7.316666666666666,1041.8833333333334,106550.0,39.0
2026-07-22 16:00:00,28.0,25.0,30.39940476190476,33.099999999999994,7.316666666666666,58.6,211810.0,53.0
2026-07-22 17:00:00,16.0,18.0,70.60625,56.266666666666666,6.866666666666666,426.81666666666666,126510.0,34.0
2026-07-22 18:00:00,24.0,21.0,38.75833333333333,47.275,6.333333333333333,66.11666666666666,178390.0,45.0
2026-07-22 19:00:00,20.0,21.0,59.91416666666667,50.38333333333334,6.7,411.6166666666667,138290.0,41.0
2026-07-22 20:00:00,24.0,21.0,57.629861111111104,50.13333333333333,7.75,394.6,184970.0,45.0
2026-07-22 21:00:00,13.0,18.0,46.53055555555556,49.61666666666667,7.216666666666667,85.2,96710.0,31.0
2026-07-22 22:00:00,15.0,16.0,45.083333333333336,42.25,8.516666666666667,77.11666666666666,113010.0,31.0
2026-07-22 23:00:00,16.0,14.0,61.27291666666667,68.04166666666666,8.7,89.4,118060.0,30.0
2026-07-23 00:00:00,20.0,18.0,55.17166666666667,51.25,6.766666666666667,354.76666666666665,153370.0,38.0
2026-07-23 01:00:00,27.0,21.0,66.72160493827161,63.833333333333336,8.466666666666667,139.55,206110.0,48.0
2026-07-23 02:00:00,25.0,12.0,103.53866666666667,104.7,9.25,370.23333333333335,191300.0,37.0
2026-07-23 03:00:00,14.0,20.0,113.75833333333333,126.08333333333333,9.533333333333333,167.31666666666666,100320.0,34.0
2026-07-23 04:00:00,7.0,15.0,129.93333333333334,138.58333333333334,9.833333333333334,335.8833333333333,48440.0,22.0
2026-07-23 05:00:00,1.0,12.0,39.7,39.7,39.7,39.7,7240.0,13.0
2026-07-23 06:00:00,4.0,10.0,156.50833333333335,26.2,12.166666666666666,561.4666666666667,32600.0,14.0
2026-07-23 07:00:00,21.0,10.0,61.05486111111111,61.56666666666667,7.433333333333334,159.53333333333333,213750.0,31.0
2026-07-23 08:00:00,12.0,9.0,47.08518518518518,42.583333333333336,34.25,68.03333333333333,65700.0,21.0
2026-07-23 09:00:00,13.0,20.0,62.93333333333333,45.75,10.9,224.96666666666667,85230.0,33.0
2026-07-23 10:00:00,17.0,16.0,50.41851851851852,45.733333333333334,6.716666666666667,246.45,135100.0,33.0
2026-07-23 11:00:00,20.0,9.0,68.39649122807018,59.916666666666664,7.716666666666667,411.1333333333333,114490.0,29.0
2026-07-23 12:00:00,16.0,23.0,55.340625,55.975,8.416666666666666,120.81666666666666,108150.0,39.0
2026-07-23 13:00:00,27.0,22.0,53.5679012345679,42.71666666666667,6.766666666666667,503.2,200310.0,49.0
2026-07-23 14:00:00,18.0,24.0,44.263888888888886,49.88333333333333,7.9,72.95,120220.0,42.0
2026-07-23 15:00:00,12.0,17.0,114.91250000000001,40.09166666666667,6.25,1029.2666666666667,87440.0,29.0
2026-07-23 16:00:00,16.0,17.0,37.39895833333333,43.825,6.683333333333334,76.6,106870.0,33.0
2026-07-23 17:00:00,8.0,8.0,96.37083333333334,50.09166666666667,9.966666666666667,473.8,67380.0,16.0
2026-07-23 18:00:00,6.0,7.0,44.18888888888889,46.65,26.283333333333335,57.483333333333334,43750.0,13.0
2026-07-23 19:00:00,8.0,6.0,116.18541666666667,77.38333333333333,56.11666666666667,415.5,60740.0,14.0
2026-07-23 20:00:00,8.0,4.0,45.5875,47.516666666666666,23.416666666666668,62.11666666666667,61060.0,12.0
2026-07-23 21:00:00,18.0,20.0,62.254629629629626,46.608333333333334,9.1,458.43333333333334,137600.0,38.0
2026-07-23 22:00:00,19.0,20.0,30.458771929824564,30.1,7.333333333333333,65.05,138630.0,39.0
2026-07-23 23:00:00,28.0,19.0,51.71369047619048,55.35,9.566666666666666,108.8,208050.0,47.0
2026-07-24 00:00:00,18.0,19.0,49.306481481481484,46.53333333333333,6.666666666666667,98.08333333333333,129920.0,37.0
2026-07-24 01:00:00,25.0,20.0,82.676,84.21666666666667,11.7,402.4166666666667,193760.0,45.0
2026-07-24 02:00:00,18.0,12.0,90.78888888888889,97.94166666666666,8.416666666666666,140.71666666666667,128070.0,30.0
2026-07-24 03:00:00,29.0,20.0,118.90114942528736,126.06666666666666,10.066666666666666,358.01666666666665,227300.0,49.0
2026-07-24 04:00:00,19.0,19.0,148.3719298245614,154.53333333333333,7.166666666666667,244.13333333333333,138050.0,38.0
2026-07-24 05:00:00,14.0,13.0,158.12619047619046,141.53333333333336,13.95,348.6333333333333,108930.0,27.0
2026-07-24 06:00:00,8.0,16.0,79.00625,103.18333333333334,13.516666666666667,127.46666666666667,51720.0,24.0
2026-07-24 07:00:00,19.0,19.0,111.17083333333332,122.68333333333334,7.666666666666667,169.91666666666666,160830.0,38.0
2026-07-24 08:00:00,4.0,15.0,61.9875,61.7,11.75,112.8,29190.0,19.0
2026-07-24 09:00:00,3.0,14.0,198.88333333333333,198.88333333333333,57.28333333333333,340.48333333333335,14210.0,17.0
2026-07-24 10:00:00,16.0,16.0,61.325,63.525,7.95,110.86666666666666,102930.0,32.0
2026-07-24 11:00:00,10.0,6.0,122.82666666666667,111.56666666666666,22.166666666666668,312.93333333333334,67830.0,16.0
2026-07-24 12:00:00,13.0,12.0,86.55000000000001,91.1,8.633333333333333,146.15,98450.0,25.0
2026-07-24 13:00:00,12.0,8.0,143.35694444444445,141.96666666666667,12.966666666666667,300.3333333333333,85940.0,20.0
2026-07-24 14:00:00,9.0,10.0,103.26851851851852,124.61666666666666,5.7,149.9,54260.0,19.0
2026-07-24 15:00:00,9.0,6.0,278.3740740740741,112.51666666666667,81.08333333333333,1431.4,70070.0,15.0
2026-07-24 16:00:00,0.0,9.0,0.0,0.0,0.0,0.0,0.0,9.0
2026-07-24 17:00:00,31.0,20.0,56.284408602150535,58.65,8.216666666666667,338.5,223740.0,51.0
2026-07-24 18:00:00,20.0,21.0,118.49416666666666,91.64166666666667,6.383333333333334,805.9166666666666,155590.0,41.0
2026-07-24 19:00:00,18.0,19.0,56.89907407407408,66.025,7.266666666666667,93.53333333333333,130310.0,37.0
2026-07-24 20:00:00,25.0,21.0,55.593333333333334,67.46666666666667,6.216666666666667,92.51666666666667,182050.0,46.0
2026-07-24 21:00:00,27.0,24.0,54.120512820512815,79.325,7.633333333333334,100.31666666666666,205100.0,51.0
2026-07-24 22:00:00,7.0,20.0,52.55238095238095,48.083333333333336,36.9,84.95,51470.0,27.0
2026-07-24 23:00:00,25.0,18.0,71.72800000000001,75.08333333333333,8.833333333333334,217.21666666666667,176000.0,43.0
2026-07-25 00:00:00,25.0,15.0,176.32666666666668,143.18333333333334,6.216666666666667,1200.3666666666666,186730.0,40.0
2026-07-25 01:00:00,23.0,15.0,125.87028985507247,173.78333333333333,6.516666666666667,230.01666666666668,172420.0,38.0
2026-07-25 02:00:00,8.0,10.0,189.80416666666667,247.425,7.216666666666667,277.9,61340.0,18.0
2026-07-25 03:00:00,0.0,12.0,0.0,0.0,0.0,0.0,0.0,12.0
2026-07-25 04:00:00,16.0,13.0,89.18333333333334,101.48333333333333,7.283333333333333,183.35,111700.0,29.0
2026-07-25 05:00:00,15.0,15.0,108.8488888888889,142.41666666666666,7.733333333333333,183.7,111720.0,30.0
2026-07-25 06:00:00,13.0,14.0,131.6846153846154,146.28333333333333,8.7,235.36666666666667,99650.0,27.0
2026-07-25 07:00:00,8.0,13.0,66.81851851851852,10.016666666666667,8.066666666666666,191.56666666666666,77580.0,21.0
2026-07-25 08:00:00,13.0,17.0,129.71805555555557,62.983333333333334,11.666666666666666,842.2333333333333,83950.0,30.0
2026-07-25 09:00:00,15.0,15.0,78.57222222222222,76.56666666666666,29.5,205.18333333333334,96420.0,30.0
2026-07-25 10:00:00,20.0,18.0,99.36583333333333,108.30833333333334,8.983333333333333,175.81666666666666,148650.0,38.0
2026-07-25 11:00:00,0.0,6.0,0.0,0.0,0.0,0.0,0.0,6.0
2026-07-25 12:00:00,20.0,13.0,52.75333333333333,57.475,5.683333333333334,82.0,130760.0,33.0
2026-07-25 13:00:00,17.0,20.0,58.241176470588236,71.3,6.5,103.33333333333333,110640.0,37.0
2026-07-25 14:00:00,22.0,17.0,69.60378787878788,78.86666666666667,5.8,264.4,175670.0,39.0
2026-07-25 15:00:00,21.0,25.0,89.47916666666666,73.70833333333334,8.166666666666666,245.05,156840.0,46.0
2026-07-25 16:00:00,10.0,11.0,95.885,100.36666666666667,6.35,170.55,78110.0,21.0
2026-07-25 17:00:00,1.0,5.0,40.03333333333333,40.03333333333333,40.03333333333333,40.03333333333333,8710.0,6.0
2026-07-25 18:00:00,2.0,7.0,29.474999999999998,29.474999999999998,7.9,51.05,13950.0,9.0
2026-07-25 19:00:00,17.0,13.0,43.15588235294118,43.06666666666667,8.7,81.75,131280.0,30.0
2026-07-25 20:00:00,11.0,11.0,58.906060606060606,72.11666666666666,8.416666666666666,92.4,78230.0,22.0
2026-07-25 21:00:00,21.0,17.0,58.73888888888889,53.6,8.816666666666666,319.9,164980.0,38.0
2026-07-25 22:00:00,12.0,16.0,52.4125,62.88333333333333,10.483333333333333,85.56666666666666,88230.0,28.0
2026-07-25 23:00:00,25.0,20.0,63.17666666666667,66.85,6.716666666666667,389.18333333333334,175400.0,45.0
2026-07-26 00:00:00,18.0,16.0,74.6675925925926,83.55000000000001,7.433333333333334,118.01666666666667,133530.0,34.0
2026-07-26 01:00:00,27.0,19.0,111.12283950617284,116.11666666666666,7.15,423.0833333333333,188540.0,46.0
2026-07-26 02:00:00,27.0,19.0,103.24444444444444,112.53333333333333,7.583333333333333,271.5833333333333,204130.0,46.0
2026-07-26 03:00:00,30.0,19.0,142.1961111111111,160.48333333333335,6.516666666666667,214.36666666666667,226240.0,49.0
2026-07-26 04:00:00,24.0,22.0,134.13333333333333,187.44166666666666,7.833333333333333,412.31666666666666,177000.0,46.0
2026-07-26 05:00:00,16.0,20.0,155.553125,191.66666666666666,9.4,227.15,118580.0,36.0
2026-07-26 06:00:00,5.0,16.0,185.06,148.18333333333334,48.75,475.3,41540.0,21.0
2026-07-26 07:00:00,4.0,16.0,104.30416666666666,127.46666666666667,14.4,147.88333333333333,25090.0,20.0
2026-07-26 08:00:00,12.0,15.0,33.9625,41.925,9.933333333333334,63.1,84710.0,27.0
2026-07-26 09:00:00,8.0,21.0,93.15208333333334,55.29166666666667,20.116666666666667,417.25,48820.0,29.0
2026-07-26 10:00:00,17.0,14.0,44.470588235294116,41.36666666666667,10.283333333333333,93.05,118610.0,31.0
2026-07-26 11:00:00,13.0,11.0,71.92564102564103,83.5,7.966666666666667,112.91666666666667,87130.0,24.0
2026-07-26 12:00:00,15.0,10.0,79.24666666666667,56.916666666666664,11.55,415.6333333333333,111240.0,25.0
2026-07-26 13:00:00,22.0,21.0,38.291666666666664,44.25833333333334,8.05,72.13333333333334,148430.0,43.0
2026-07-26 14:00:00,26.0,23.0,46.194871794871794,31.941666666666663,6.133333333333334,427.3833333333333,185930.0,49.0
2026-07-26 15:00:00,22.0,24.0,53.14772727272727,58.75,9.85,77.2,165640.0,46.0
2026-07-26 16:00:00,19.0,18.0,76.1842105263158,63.18333333333333,7.766666666666667,520.2166666666667,155560.0,37.0
2026-07-26 17:00:00,13.0,16.0,66.3423076923077,72.78333333333333,9.183333333333334,97.43333333333334,106660.0,29.0
2026-07-26 18:00:00,21.0,11.0,91.28650793650793,97.75,9.05,129.51666666666668,149030.0,32.0
2026-07-26 19:00:00,6.0,14.0,94.66944444444444,129.13333333333333,11.016666666666667,146.08333333333334,42370.0,20.0
2026-07-26 20:00:00,16.0,13.0,92.971875,76.075,7.25,418.05,111250.0,29.0
2026-07-26 21:00:00,25.0,20.0,84.51933333333335,79.16666666666667,7.833333333333333,527.15,179080.0,45.0
2026-07-26 22:00:00,21.0,22.0,63.773809523809526,73.53333333333333,7.75,122.23333333333333,142000.0,43.0
2026-07-26 23:00:00,15.0,18.0,76.02,88.13333333333334,9.1,106.33333333333333,94950.0,33.0
2026-07-27 00:00:00,16.0,19.0,67.390625,82.11666666666667,8.3,124.3,117290.0,35.0
2026-07-27 01:00:00,31.0,20.0,99.33978494623656,96.75,8.6,494.8833333333333,223680.0,51.0
2026-07-27 02:00:00,16.0,18.0,88.865625,105.15833333333333,14.783333333333333,164.76666666666668,107750.0,34.0
2026-07-27 03:00:00,33.0,21.0,108.4090909090909,123.33333333333333,6.833333333333333,189.66666666666666,230020.0,54.0
2026-07-27 04:00:00,35.0,18.0,164.75095238095236,170.5,7.3,591.3666666666667,254180.0,53.0
2026-07-27 05:00:00,15.0,21.0,152.87333333333333,209.56666666666666,19.716666666666665,233.15,101910.0,36.0
2026-07-27 06:00:00,6.0,18.0,143.83333333333334,167.09166666666664,8.316666666666666,182.75,39820.0,24.0
2026-07-27 07:00:00,5.0,16.0,244.66060606060603,209.8,9.85,849.05,162830.0,21.0
2026-07-27 08:00:00,8.0,16.0,73.09583333333333,92.78333333333333,6.083333333333333,100.73333333333333,24480.0,24.0
2026-07-27 09:00:00,4.0,17.0,21.175,21.175,9.833333333333334,32.516666666666666,8260.0,21.0
2026-07-27 10:00:00,3.0,4.0,164.67777777777778,53.016666666666666,10.433333333333334,430.5833333333333,25690.0,7.0
2026-07-27 11:00:00,0.0,3.0,0.0,0.0,0.0,0.0,0.0,3.0
2026-07-27 12:00:00,1.0,0.0,77.73333333333333,77.73333333333333,77.73333333333333,77.73333333333333,4790.0,1.0
2026-07-27 13:00:00,0.0,4.0,0.0,0.0,0.0,0.0,0.0,4.0
2026-07-27 14:00:00,2.0,1.0,22.666666666666664,22.666666666666664,13.616666666666667,31.716666666666665,8280.0,3.0
2026-07-27 15:00:00,2.0,1.0,521.75,521.75,6.783333333333333,1036.7166666666667,3560.0,3.0
2026-07-27 16:00:00,1.0,1.0,184.88333333333333,184.88333333333333,184.88333333333333,184.88333333333333,6610.0,2.0
2026-07-27 17:00:00,0.0,1.0,0.0,0.0,0.0,0.0,0.0,1.0
2026-07-27 18:00:00,1.0,0.0,389.9166666666667,389.9166666666667,389.9166666666667,389.9166666666667,12090.0,1.0
2026-07-27 19:00:00,0.0,1.0,0.0,0.0,0.0,0.0,0.0,1.0
2026-07-27 20:00:00,1.0,0.0,359.6,359.6,359.6,359.6,6700.0,1.0
2026-07-27 21:00:00,1.0,1.0,479.6333333333333,479.6333333333333,479.6333333333333,479.6333333333333,9230.0,2.0
2026-07-28 01:00:00,1.0,1.0,427.21666666666664,427.21666666666664,427.21666666666664,427.21666666666664,11760.0,2.0
2026-07-28 02:00:00,0.0,1.0,0.0,0.0,0.0,0.0,0.0,1.0
2026-07-28 03:00:00,1.0,0.0,447.95,447.95,447.95,447.95,6640.0,1.0
2026-07-28 05:00:00,0.0,1.0,0.0,0.0,0.0,0.0,0.0,1.0
2026-07-28 07:00:00,25.0,8.0,54.16410256410256,42.44166666666666,9.0,370.4,210900.0,33.0
2026-07-28 08:00:00,19.0,18.0,114.23518518518517,54.41666666666667,11.033333333333333,1111.0,145570.0,37.0
2026-07-28 09:00:00,26.0,23.0,50.13148148148148,53.3,5.75,139.93333333333334,212080.0,49.0
2026-07-28 10:00:00,12.0,18.0,54.18030303030303,57.21666666666667,8.166666666666666,84.75,72490.0,30.0
2026-07-28 11:00:00,16.0,18.0,52.81458333333333,59.03333333333333,11.166666666666666,76.01666666666667,122860.0,34.0
2026-07-28 12:00:00,17.0,17.0,51.33431372549019,58.9,8.25,122.16666666666667,134000.0,34.0
2026-07-28 13:00:00,19.0,17.0,34.35438596491228,42.03333333333333,8.483333333333333,46.6,125070.0,36.0
2026-07-28 14:00:00,22.0,23.0,67.43257575757576,53.58333333333333,7.133333333333334,533.4,156720.0,45.0
2026-07-28 15:00:00,18.0,17.0,67.4212962962963,59.2,6.466666666666667,266.23333333333335,126100.0,35.0
2026-07-28 16:00:00,23.0,16.0,94.71159420289855,61.36666666666667,6.333333333333333,996.7666666666667,159480.0,39.0
2026-07-28 17:00:00,15.0,20.0,63.903333333333336,57.18333333333333,9.683333333333334,139.15,111030.0,35.0
2026-07-28 18:00:00,23.0,18.0,64.73840579710145,67.78333333333333,6.616666666666666,151.03333333333333,157470.0,41.0
2026-07-28 19:00:00,12.0,16.0,50.07083333333333,51.3,7.083333333333333,111.55,81620.0,28.0
2026-07-28 20:00:00,16.0,14.0,86.1,89.46666666666667,9.0,111.6,113450.0,30.0
2026-07-28 21:00:00,16.0,19.0,79.68958333333333,68.98333333333332,7.133333333333334,451.45,106270.0,35.0
2026-07-28 22:00:00,14.0,13.0,57.30238095238095,67.84166666666667,7.5,90.5,116390.0,27.0
2026-07-28 23:00:00,33.0,25.0,64.81616161616162,82.06666666666666,7.866666666666666,118.68333333333334,228390.0,58.0
2026-07-29 00:00:00,21.0,21.0,96.92460317460318,110.25,5.883333333333334,145.13333333333333,151150.0,42.0
2026-07-29 01:00:00,24.0,18.0,121.3125,133.425,6.866666666666666,357.25,179400.0,42.0
2026-07-29 02:00:00,27.0,18.0,127.50061728395063,127.83333333333333,6.25,214.36666666666667,210260.0,45.0
2026-07-29 03:00:00,10.0,16.0,109.75166666666667,93.375,6.7,352.81666666666666,77440.0,26.0
2026-07-29 04:00:00,14.0,21.0,127.45,153.35833333333332,9.433333333333334,191.68333333333334,110710.0,35.0
2026-07-29 05:00:00,23.0,14.0,134.18985507246379,146.53333333333333,8.866666666666667,181.23333333333332,172960.0,37.0
2026-07-29 06:00:00,22.0,21.0,117.62272727272726,154.725,8.433333333333334,314.25,164090.0,43.0
2026-07-29 07:00:00,3.0,15.0,198.78333333333333,159.4,118.78333333333333,377.85,101640.0,18.0
2026-07-29 08:00:00,17.0,16.0,97.80897435897435,91.41666666666667,8.516666666666667,294.5,92230.0,33.0
2026-07-29 09:00:00,18.0,21.0,62.57407407407407,76.90833333333333,7.716666666666667,97.31666666666666,120340.0,39.0
2026-07-29 10:00:00,20.0,22.0,63.90916666666667,70.875,8.033333333333333,187.15,126750.0,42.0
2026-07-29 11:00:00,13.0,18.0,65.35897435897435,65.21666666666667,8.566666666666666,107.5,100480.0,31.0
2026-07-29 12:00:00,17.0,17.0,59.748039215686276,58.61666666666667,7.7,177.73333333333332,116770.0,34.0
2026-07-29 13:00:00,18.0,18.0,57.92685185185186,64.33333333333334,9.966666666666667,138.85,146600.0,36.0
2026-07-29 14:00:00,24.0,23.0,57.20416666666667,67.98333333333333,7.35,197.0,161430.0,47.0
2026-07-29 15:00:00,17.0,22.0,116.29705882352941,66.16666666666667,7.6,1089.3166666666666,125660.0,39.0
2026-07-29 16:00:00,20.0,13.0,70.53666666666666,80.39166666666667,6.766666666666667,110.58333333333333,153280.0,33.0
2026-07-29 17:00:00,19.0,19.0,59.63947368421053,70.75,7.416666666666667,161.53333333333333,145540.0,38.0
2026-07-29 18:00:00,17.0,20.0,117.65294117647058,92.1,8.0,569.9666666666667,135280.0,37.0
2026-07-29 19:00:00,21.0,15.0,78.18015873015872,80.5,10.116666666666667,134.3,158000.0,36.0
2026-07-29 20:00:00,11.0,14.0,55.74393939393939,61.416666666666664,7.916666666666667,104.2,83110.0,25.0
2026-07-29 21:00:00,16.0,16.0,109.85729166666667,85.35833333333333,8.266666666666667,617.35,128380.0,32.0
2026-07-29 22:00:00,14.0,13.0,97.9952380952381,98.16666666666666,12.716666666666667,130.9,103180.0,27.0
2026-07-29 23:00:00,16.0,16.0,78.05208333333333,85.00833333333333,8.55,136.3,116000.0,32.0
2026-07-30 00:00:00,11.0,11.0,182.47424242424245,72.68333333333334,9.266666666666667,1336.9333333333334,85970.0,22.0
2026-07-30 01:00:00,18.0,17.0,103.96574074074074,123.95,11.8,160.03333333333333,129340.0,35.0
2026-07-30 02:00:00,21.0,14.0,83.67301587301587,110.78333333333333,10.633333333333333,156.95,149860.0,35.0
2026-07-30 03:00:00,14.0,18.0,138.10595238095237,135.86666666666667,7.283333333333333,349.5,100340.0,32.0
2026-07-30 04:00:00,9.0,11.0,122.62962962962963,119.51666666666667,9.0,196.41666666666666,60770.0,20.0
2026-07-30 05:00:00,21.0,13.0,91.95079365079366,106.15,10.116666666666667,153.46666666666667,151900.0,34.0
2026-07-30 06:00:00,11.0,16.0,69.37424242424242,85.21666666666667,5.883333333333334,154.98333333333332,73920.0,27.0
2026-07-30 07:00:00,17.0,23.0,81.25555555555555,110.6,6.95,158.45,136000.0,40.0
2026-07-30 08:00:00,11.0,14.0,68.99666666666667,77.15,7.583333333333333,130.71666666666667,78280.0,25.0
2026-07-30 09:00:00,26.0,19.0,97.18271604938272,89.13333333333334,10.433333333333334,335.85,195260.0,45.0
2026-07-30 10:00:00,36.0,19.0,132.04142857142855,142.26666666666668,6.55,229.56666666666666,230520.0,55.0
2026-07-30 11:00:00,23.0,17.0,126.52608695652174,169.18333333333334,9.933333333333334,229.95,158330.0,40.0
2026-07-30 12:00:00,3.0,19.0,171.7888888888889,157.4,127.9,230.06666666666666,21050.0,22.0
2026-07-30 13:00:00,1.0,14.0,213.86666666666667,213.86666666666667,134.96666666666667,292.76666666666665,30360.0,15.0
2026-07-30 14:00:00,2.0,15.0,23.833333333333332,23.833333333333332,23.833333333333332,23.833333333333332,7370.0,17.0
2026-07-30 15:00:00,1.0,6.0,1353.8666666666666,1353.8666666666666,1353.8666666666666,1353.8666666666666,2390.0,7.0
2026-07-30 17:00:00,1.0,0.0,494.56666666666666,494.56666666666666,494.56666666666666,494.56666666666666,6210.0,1.0
2026-07-30 18:00:00,1.0,1.0,552.55,552.55,552.55,552.55,8150.0,2.0
2026-07-30 22:00:00,1.0,1.0,0.0,0.0,0.0,0.0,10370.0,2.0
2026-07-31 01:00:00,0.0,1.0,0.0,0.0,0.0,0.0,0.0,1.0
2026-07-31 02:00:00,1.0,0.0,0.0,0.0,0.0,0.0,6990.0,1.0
2026-07-31 03:00:00,0.0,1.0,0.0,0.0,0.0,0.0,0.0,1.0
2026-07-31 04:00:00,1.0,0.0,347.1166666666667,347.1166666666667,347.1166666666667,347.1166666666667,7200.0,1.0
2026-07-31 07:00:00,0.0,0.0,123.65,123.65,123.65,123.65,2020.0,0.0
2026-07-31 08:00:00,0.0,0.0,153.8,153.8,153.8,153.8,20060.0,0.0
2026-07-31 09:00:00,2.0,1.0,0.0,0.0,0.0,0.0,0.0,3.0
2026-07-31 10:00:00,0.0,1.0,0.0,0.0,0.0,0.0,0.0,1.0
2026-07-31 11:00:00,0.0,1.0,0.0,0.0,0.0,0.0,0.0,1.0
2026-07-31 14:00:00,2.0,1.0,1104.8833333333334,1104.8833333333334,1015.3333333333334,1194.4333333333334,12440.0,3.0
2026-08-01 01:00:00,1.0,1.0,490.0833333333333,490.0833333333333,490.0833333333333,490.0833333333333,6710.0,2.0
2026-08-01 06:00:00,15.0,3.0,28.41111111111111,36.0,6.416666666666667,44.06666666666667,119760.0,18.0
2026-08-01 07:00:00,29.0,25.0,73.64333333333335,71.64166666666667,11.15,254.11666666666667,245240.0,54.0
2026-08-01 08:00:00,19.0,15.0,67.60263157894737,60.85,8.7,284.4166666666667,155140.0,34.0
2026-08-01 09:00:00,19.0,21.0,55.02407407407407,67.11666666666666,7.283333333333333,91.31666666666666,127700.0,40.0
2026-08-01 10:00:00,24.0,20.0,62.62777777777777,75.36666666666667,7.083333333333333,95.33333333333333,186900.0,44.0
2026-08-01 11:00:00,24.0,26.0,84.24236111111111,100.55,7.216666666666667,196.45,172070.0,50.0
2026-08-01 12:00:00,11.0,13.0,97.71363636363635,94.36666666666666,9.266666666666667,230.31666666666666,81840.0,24.0
2026-08-01 13:00:00,18.0,20.0,80.41574074074074,88.275,10.0,200.18333333333334,137150.0,38.0
2026-08-01 14:00:00,26.0,18.0,124.25705128205126,100.65,7.25,1132.3666666666666,187220.0,44.0
2026-08-01 15:00:00,14.0,15.0,133.65714285714287,74.26666666666667,8.75,1084.9666666666667,99850.0,29.0
2026-08-01 16:00:00,22.0,22.0,170.28560606060606,74.79166666666667,7.9,684.4,162300.0,44.0
2026-08-01 17:00:00,12.0,19.0,382.3541666666667,417.6333333333333,7.6,807.4,80820.0,31.0
2026-08-01 18:00:00,0.0,2.0,0.0,0.0,0.0,0.0,0.0,2.0
2026-08-01 23:00:00,3.0,1.0,56.62777777777777,56.233333333333334,54.15,59.5,21040.0,4.0
2026-08-02 00:00:00,28.0,21.0,74.68333333333332,45.0,28.666666666666668,616.3833333333333,198640.0,49.0
2026-08-02 01:00:00,40.0,26.0,77.49791666666667,75.475,21.5,144.38333333333333,293530.0,66.0
2026-08-02 02:00:00,40.0,25.0,114.68541666666667,141.825,19.966666666666665,187.9,300680.0,65.0
2026-08-02 03:00:00,37.0,28.0,156.73198198198196,189.51666666666668,13.3,233.61666666666667,280010.0,65.0
2026-08-02 04:00:00,22.0,23.0,182.2189393939394,205.73333333333335,16.116666666666667,508.78333333333336,164490.0,45.0
2026-08-02 05:00:00,7.0,17.0,166.90714285714284,191.91666666666666,7.133333333333334,213.76666666666668,51280.0,24.0
2026-08-02 06:00:00,40.0,24.0,163.51958333333332,182.60833333333335,7.85,242.93333333333334,304820.0,64.0
2026-08-02 07:00:00,2.0,20.0,241.675,241.675,177.26666666666668,306.0833333333333,13080.0,22.0
2026-08-02 08:00:00,14.0,16.0,106.53214285714286,133.29166666666666,9.383333333333333,151.46666666666667,103830.0,30.0
2026-08-02 09:00:00,4.0,27.0,72.23333333333333,72.10000000000001,9.883333333333333,134.85,23140.0,31.0
2026-08-02 10:00:00,25.0,22.0,67.27333333333333,85.11666666666666,6.3,131.4,176070.0,47.0
2026-08-02 11:00:00,17.0,26.0,76.9843137254902,84.7,10.583333333333334,192.33333333333334,126820.0,43.0
2026-08-02 12:00:00,19.0,22.0,56.56228070175439,66.93333333333334,8.85,107.93333333333334,124300.0,41.0
2026-08-02 13:00:00,30.0,24.0,58.42166666666667,69.58333333333333,8.983333333333333,92.91666666666667,212500.0,54.0
2026-08-02 14:00:00,22.0,24.0,108.77651515151514,72.29166666666667,8.95,1116.9833333333333,148830.0,46.0
2026-08-02 15:00:00,16.0,21.0,67.578125,80.525,9.383333333333333,108.28333333333333,119690.0,37.0
2026-08-02 16:00:00,24.0,15.0,146.51388888888889,95.94166666666666,10.233333333333333,1184.1333333333334,177880.0,39.0
2026-08-02 17:00:00,20.0,19.0,83.39,95.31666666666666,7.333333333333333,140.06666666666666,150350.0,39.0
2026-08-02 18:00:00,27.0,20.0,83.95987654320987,90.76666666666667,6.85,157.86666666666667,198950.0,47.0
2026-08-02 19:00:00,13.0,22.0,77.21153846153847,103.66666666666667,7.1,135.58333333333334,94270.0,35.0
2026-08-02 20:00:00,21.0,13.0,102.79682539682538,114.46666666666667,7.716666666666667,228.1,153450.0,34.0
2026-08-02 21:00:00,9.0,15.0,96.22777777777777,112.28333333333333,7.733333333333333,134.66666666666666,76380.0,24.0
2026-08-02 22:00:00,23.0,19.0,106.1963768115942,107.3,6.766666666666667,177.68333333333334,168000.0,42.0
2026-08-02 23:00:00,15.0,16.0,123.52666666666667,139.35,7.4,180.2,106920.0,31.0
2026-08-03 00:00:00,21.0,8.0,114.23888888888888,104.36666666666666,8.983333333333333,222.38333333333333,156840.0,29.0
2026-08-03 01:00:00,29.0,21.0,115.82758620689656,117.11666666666666,26.933333333333334,319.9166666666667,212970.0,50.0
2026-08-03 02:00:00,28.0,28.0,109.99702380952381,109.46666666666667,17.833333333333332,254.71666666666667,200330.0,56.0
2026-08-03 03:00:00,20.0,24.0,145.80166666666668,152.95,7.966666666666667,348.23333333333335,147140.0,44.0
2026-08-03 04:00:00,5.0,17.0,121.74333333333334,133.81666666666666,16.383333333333333,201.01666666666668,38470.0,22.0
2026-08-03 05:00:00,5.0,15.0,47.49333333333333,56.1,10.866666666666667,67.8,37480.0,20.0
2026-08-03 06:00:00,4.0,19.0,64.29583333333333,52.04166666666667,19.766666666666666,133.33333333333334,27160.0,23.0
2026-08-03 07:00:00,36.0,15.0,80.05213675213675,78.81666666666666,7.433333333333334,257.48333333333335,327480.0,51.0
2026-08-03 08:00:00,20.0,16.0,111.92500000000001,120.55,6.25,190.13333333333333,145440.0,36.0
2026-08-03 09:00:00,22.0,20.0,131.02196969696968,110.78333333333333,15.2,481.6333333333333,284920.0,42.0
2026-08-03 10:00:00,20.0,24.0,65.81929824561404,88.65,10.85,98.41666666666667,126480.0,44.0
2026-08-03 11:00:00,31.0,26.0,71.77956989247312,82.25,10.8,146.6,221420.0,57.0
2026-08-03 12:00:00,29.0,26.0,96.65459770114943,99.26666666666667,9.133333333333333,176.35,221340.0,55.0
2026-08-03 13:00:00,22.0,22.0,111.4151515151515,120.19166666666666,9.233333333333333,246.4,170380.0,44.0
2026-08-03 14:00:00,16.0,22.0,159.053125,159.85000000000002,13.066666666666666,375.05,117060.0,38.0
2026-08-03 15:00:00,13.0,16.0,179.51025641025643,132.98333333333332,6.333333333333333,1034.4666666666667,106250.0,29.0
2026-08-03 16:00:00,18.0,13.0,87.08981481481482,103.76666666666667,10.883333333333333,268.43333333333334,182690.0,31.0
2026-08-03 17:00:00,16.0,25.0,75.30104166666666,93.96666666666667,23.0,126.46666666666667,106570.0,41.0
2026-08-03 18:00:00,20.0,18.0,73.38333333333334,81.41666666666666,16.566666666666666,121.8,148580.0,38.0
2026-08-03 19:00:00,29.0,27.0,92.09022988505748,106.46666666666667,12.816666666666666,208.1,241900.0,56.0
2026-08-03 20:00:00,15.0,18.0,96.91000000000001,114.35,8.716666666666667,137.75,104900.0,33.0
2026-08-03 21:00:00,23.0,20.0,88.20434782608696,109.4,7.883333333333334,169.6,194830.0,43.0
2026-08-03 22:00:00,10.0,15.0,93.74499999999999,83.09166666666667,11.25,218.73333333333332,128530.0,25.0
2026-08-03 23:00:00,15.0,21.0,82.41444444444444,86.6,13.616666666666667,224.11666666666667,104280.0,36.0
2026-08-04 00:00:00,28.0,19.0,72.94880952380952,72.00833333333333,7.766666666666667,197.23333333333332,236930.0,47.0
2026-08-04 01:00:00,34.0,22.0,116.79117647058824,121.31666666666666,7.266666666666667,447.68333333333334,266090.0,56.0
2026-08-04 02:00:00,4.0,14.0,192.84583333333333,187.90833333333333,10.816666666666666,384.75,58570.0,18.0
2026-08-04 03:00:00,3.0,19.0,70.18333333333334,40.2,10.283333333333333,160.06666666666666,18070.0,22.0
2026-08-04 04:00:00,1.0,11.0,12.133333333333333,12.133333333333333,12.133333333333333,12.133333333333333,7950.0,12.0
2026-08-04 05:00:00,1.0,2.0,72.2,72.2,72.2,72.2,8690.0,3.0
2026-08-04 06:00:00,2.0,2.0,65.55,65.55,39.05,92.05,15820.0,4.0
2026-08-04 07:00:00,23.0,6.0,58.99333333333333,51.18333333333333,7.383333333333334,171.65,207210.0,29.0
2026-08-04 08:00:00,24.0,19.0,97.64469696969697,101.57499999999999,52.35,140.75,162440.0,43.0
2026-08-04 09:00:00,17.0,16.0,102.05392156862746,113.7,9.6,204.58333333333334,108600.0,33.0
2026-08-04 10:00:00,22.0,21.0,94.20530303030301,91.225,7.133333333333334,396.3833333333333,212360.0,43.0
2026-08-04 11:00:00,23.0,26.0,56.54130434782609,24.183333333333334,8.116666666666667,308.1666666666667,190090.0,49.0
2026-08-04 12:00:00,25.0,25.0,68.36133333333333,63.333333333333336,7.966666666666667,359.98333333333335,174590.0,50.0
2026-08-04 13:00:00,18.0,19.0,55.471296296296295,54.016666666666666,8.35,284.5833333333333,152010.0,37.0
2026-08-04 14:00:00,32.0,25.0,73.62760416666667,81.35,6.5,112.91666666666667,238790.0,57.0
2026-08-04 15:00:00,18.0,21.0,129.05277777777778,99.66666666666666,8.583333333333334,1041.9,125130.0,39.0
2026-08-04 16:00:00,18.0,22.0,54.099074074074075,69.25833333333333,7.533333333333333,105.55,118960.0,40.0
2026-08-04 17:00:00,27.0,22.0,87.84876543209876,75.25,9.25,454.9,238590.0,49.0
2026-08-04 18:00:00,26.0,24.0,113.16730769230769,139.23333333333335,7.5,181.4,194320.0,50.0
2026-08-04 19:00:00,6.0,12.0,100.93888888888888,113.91666666666666,6.966666666666667,141.95,37340.0,18.0
2026-08-04 20:00:00,15.0,15.0,76.65888888888888,105.33333333333333,8.616666666666667,140.5,112570.0,30.0
2026-08-04 21:00:00,19.0,18.0,96.63947368421053,111.13333333333334,6.416666666666667,135.3,168140.0,37.0
2026-08-04 22:00:00,10.0,13.0,146.10833333333332,136.83333333333331,8.716666666666667,261.6333333333333,154380.0,23.0
2026-08-04 23:00:00,19.0,17.0,90.24912280701754,104.63333333333334,7.8,127.93333333333334,136770.0,36.0
2026-08-05 00:00:00,28.0,19.0,104.07440476190477,126.38333333333334,7.433333333333334,222.56666666666666,192670.0,47.0
2026-08-05 01:00:00,17.0,17.0,109.30098039215687,148.31666666666666,6.383333333333334,161.71666666666667,129210.0,34.0
2026-08-05 02:00:00,22.0,20.0,79.77954545454546,103.6,10.383333333333333,135.45,177880.0,42.0
2026-08-05 03:00:00,1.0,22.0,101.43333333333334,101.43333333333334,101.43333333333334,101.43333333333334,7570.0,23.0
2026-08-05 04:00:00,2.0,15.0,64.01666666666667,64.01666666666667,56.03333333333333,72.0,16060.0,17.0
2026-08-05 05:00:00,2.0,2.0,92.975,92.975,79.96666666666667,105.98333333333333,19780.0,4.0
2026-08-05 06:00:00,3.0,1.0,91.37222222222222,121.53333333333333,23.133333333333333,129.45,21180.0,4.0
2026-08-05 07:00:00,24.0,5.0,67.4474358974359,61.00833333333333,6.566666666666666,176.4,197240.0,29.0
2026-08-05 08:00:00,24.0,23.0,75.02608695652174,90.68333333333334,7.666666666666667,152.65,172070.0,47.0
2026-08-05 09:00:00,13.0,19.0,122.0125,85.76666666666667,11.483333333333333,368.8666666666667,162400.0,32.0
2026-08-05 10:00:00,19.0,23.0,49.28070175438596,31.85,8.833333333333334,322.2,127830.0,42.0
2026-08-05 11:00:00,23.0,24.0,45.74420289855072,30.4,6.716666666666667,374.1,179520.0,47.0
2026-08-05 12:00:00,33.0,22.0,56.13838383838384,48.766666666666666,6.366666666666666,275.48333333333335,242330.0,55.0
2026-08-05 13:00:00,20.0,22.0,75.83833333333334,78.17500000000001,8.733333333333333,190.78333333333333,152520.0,42.0
2026-08-05 14:00:00,18.0,15.0,59.71388888888888,63.09166666666667,10.833333333333334,87.11666666666666,123330.0,33.0
2026-08-05 15:00:00,25.0,25.0,106.46733333333333,84.51666666666667,7.716666666666667,1079.2166666666667,193980.0,50.0
2026-08-05 16:00:00,24.0,25.0,62.12222222222223,68.075,6.283333333333333,292.05,170330.0,49.0
2026-08-05 17:00:00,27.0,25.0,68.22962962962963,63.21666666666667,7.15,446.85,210160.0,52.0
2026-08-05 18:00:00,25.0,26.0,62.961999999999996,74.15,7.45,106.33333333333333,213550.0,51.0
2026-08-05 19:00:00,18.0,20.0,97.13055555555555,96.41666666666666,8.65,227.66666666666666,125700.0,38.0
2026-08-05 20:00:00,16.0,13.0,50.93958333333333,57.55833333333334,8.816666666666666,86.45,136060.0,29.0
2026-08-05 21:00:00,20.0,23.0,74.11749999999999,79.90833333333333,9.566666666666666,131.25,226750.0,43.0
2026-08-05 22:00:00,41.0,26.0,77.34512195121951,79.6,7.433333333333334,240.23333333333332,330230.0,67.0
2026-08-05 23:00:00,20.0,27.0,93.61,114.425,9.55,140.21666666666667,142540.0,47.0
2026-08-06 00:00:00,22.0,18.0,93.98636363636363,104.38333333333333,7.566666666666666,157.78333333333333,159450.0,40.0
2026-08-06 01:00:00,5.0,18.0,114.50999999999999,97.78333333333333,70.0,209.46666666666667,92160.0,23.0
2026-08-06 02:00:00,3.0,18.0,60.32222222222222,56.71666666666667,11.033333333333333,113.21666666666667,50550.0,21.0
2026-08-06 03:00:00,3.0,6.0,185.40555555555557,205.8,125.13333333333334,225.28333333333333,77730.0,9.0
2026-08-06 04:00:00,2.0,2.0,297.91666666666663,297.91666666666663,232.11666666666667,363.71666666666664,13040.0,4.0
2026-08-06 05:00:00,0.0,1.0,0.0,0.0,0.0,0.0,0.0,1.0
2026-08-06 06:00:00,0.0,1.0,0.0,0.0,0.0,0.0,0.0,1.0
2026-08-06 07:00:00,37.0,11.0,67.26846846846847,71.25,10.166666666666666,282.6333333333333,258410.0,48.0
2026-08-06 08:00:00,8.0,17.0,66.96458333333334,75.91666666666667,8.666666666666666,98.73333333333333,54110.0,25.0
2026-08-06 09:00:00,16.0,23.0,72.29583333333333,52.875,8.366666666666667,257.53333333333336,158890.0,39.0
2026-08-06 10:00:00,15.0,19.0,40.791111111111114,30.166666666666668,9.45,244.93333333333334,123910.0,34.0
2026-08-06 11:00:00,22.0,16.0,41.82575757575757,25.916666666666668,8.3,248.23333333333332,178700.0,38.0
2026-08-06 12:00:00,41.0,24.0,72.52276422764228,63.266666666666666,6.983333333333333,404.23333333333335,350790.0,65.0
2026-08-06 13:00:00,19.0,22.0,78.48947368421052,82.41666666666667,11.483333333333333,117.78333333333333,133510.0,41.0
2026-08-06 14:00:00,19.0,20.0,173.75087719298247,117.53333333333333,8.866666666666667,1201.6666666666667,140190.0,39.0
2026-08-06 15:00:00,21.0,14.0,91.44682539682539,104.9,23.116666666666667,120.58333333333333,175230.0,35.0
2026-08-06 16:00:00,9.0,22.0,82.04444444444444,82.98333333333333,62.93333333333333,101.3,120710.0,31.0
2026-08-06 17:00:00,36.0,25.0,74.36388888888888,82.14166666666667,8.016666666666667,345.9166666666667,256730.0,61.0
2026-08-06 18:00:00,28.0,28.0,93.64821428571429,124.0,9.583333333333334,175.15,261830.0,56.0
2026-08-06 19:00:00,21.0,19.0,119.80238095238094,139.81666666666666,8.0,387.9166666666667,154640.0,40.0
2026-08-06 20:00:00,4.0,15.0,68.51666666666667,76.31666666666666,13.683333333333334,107.75,87860.0,19.0
2026-08-06 21:00:00,28.0,22.0,98.16666666666667,100.84166666666667,12.016666666666667,321.53333333333336,227620.0,50.0
2026-08-06 22:00:00,35.0,23.0,113.05571428571427,137.58333333333334,6.6,203.6,246610.0,58.0
2026-08-06 23:00:00,11.0,16.0,106.5,113.38333333333334,20.0,164.86666666666667,162990.0,27.0
2026-08-07 00:00:00,13.0,19.0,115.83846153846154,136.03333333333333,16.283333333333335,213.01666666666668,132230.0,32.0
2026-08-07 01:00:00,17.0,15.0,134.5421568627451,142.85,11.8,157.23333333333332,158980.0,32.0
2026-08-07 02:00:00,1.0,13.0,57.38333333333333,57.38333333333333,57.38333333333333,57.38333333333333,6590.0,14.0
2026-08-07 03:00:00,1.0,19.0,238.3,238.3,238.3,238.3,9240.0,20.0
2026-08-07 04:00:00,3.0,4.0,71.26666666666667,18.033333333333335,14.533333333333333,181.23333333333332,25770.0,7.0
2026-08-07 05:00:00,1.0,0.0,145.15,145.15,145.15,145.15,6350.0,1.0
2026-08-07 07:00:00,19.0,7.0,73.8484126984127,67.0,9.75,178.5,169160.0,26.0
2026-08-07 08:00:00,25.0,17.0,59.20507246376812,68.01666666666667,8.666666666666666,94.01666666666667,200890.0,42.0
2026-08-07 09:00:00,23.0,25.0,59.357246376811595,64.48333333333333,9.75,104.66666666666667,186150.0,48.0
2026-08-07 10:00:00,16.0,23.0,73.15729166666667,40.675,9.35,231.91666666666666,168190.0,39.0
2026-08-07 11:00:00,23.0,23.0,39.820454545454545,31.991666666666667,7.266666666666667,87.8,153260.0,46.0
2026-08-07 12:00:00,11.0,6.0,35.21818181818182,39.13333333333333,9.4,91.18333333333334,77960.0,17.0
2026-08-07 13:00:00,33.0,30.0,50.88787878787878,53.71666666666667,13.516666666666667,107.61666666666666,230600.0,63.0
2026-08-07 14:00:00,23.0,22.0,87.08115942028986,78.03333333333333,8.066666666666666,372.1,245780.0,45.0
2026-08-07 15:00:00,12.0,19.0,75.98611111111111,54.983333333333334,8.75,431.85,82070.0,31.0
2026-08-07 16:00:00,18.0,19.0,52.81203703703704,31.483333333333334,7.083333333333333,217.2,186880.0,37.0
2026-08-07 17:00:00,37.0,21.0,53.65360360360361,60.916666666666664,7.466666666666667,99.8,260830.0,58.0
2026-08-07 18:00:00,12.0,22.0,74.35000000000001,78.59166666666667,17.133333333333333,114.13333333333334,86580.0,34.0
2026-08-07 19:00:00,21.0,19.0,55.811904761904756,64.03333333333333,5.433333333333334,119.98333333333333,168850.0,40.0
2026-08-07 20:00:00,24.0,21.0,73.39444444444445,75.375,12.3,215.18333333333334,174150.0,45.0
2026-08-07 21:00:00,16.0,19.0,117.34166666666667,73.48333333333333,8.8,893.3,164250.0,35.0
2026-08-07 22:00:00,18.0,19.0,80.21388888888889,72.65,7.933333333333334,195.7,132460.0,37.0
2026-08-07 23:00:00,29.0,23.0,77.37471264367817,102.58333333333333,8.35,129.8,236930.0,52.0
2026-08-08 00:00:00,20.0,14.0,104.30083333333332,113.45,8.1,321.8833333333333,156410.0,34.0
2026-08-08 01:00:00,0.0,19.0,0.0,0.0,0.0,0.0,0.0,19.0
2026-08-08 02:00:00,1.0,12.0,219.95,219.95,219.95,219.95,9990.0,13.0
2026-08-08 03:00:00,0.0,1.0,0.0,0.0,0.0,0.0,0.0,1.0
2026-08-08 05:00:00,0.0,1.0,0.0,0.0,0.0,0.0,0.0,1.0
2026-08-08 06:00:00,2.0,1.0,127.825,127.825,93.71666666666667,161.93333333333334,15150.0,3.0
2026-08-08 07:00:00,32.0,9.0,61.4265625,61.93333333333334,7.55,115.65,220740.0,41.0
2026-08-08 08:00:00,12.0,15.0,69.5125,74.31666666666666,7.05,146.75,86390.0,27.0
2026-08-08 09:00:00,16.0,18.0,103.03437500000001,85.05833333333334,8.616666666666667,502.1,116530.0,34.0
2026-08-08 10:00:00,7.0,19.0,37.207142857142856,35.9,9.2,81.23333333333333,45450.0,26.0
2026-08-08 11:00:00,23.0,17.0,33.25144927536232,26.983333333333334,7.133333333333334,178.56666666666666,167510.0,40.0
2026-08-08 12:00:00,10.0,18.0,43.233333333333334,33.18333333333333,8.15,148.55,62570.0,28.0
2026-08-08 13:00:00,42.0,23.0,45.448412698412696,46.55,7.683333333333334,91.0,305750.0,65.0
2026-08-08 14:00:00,18.0,21.0,91.06018518518518,84.49166666666667,8.016666666666667,209.26666666666668,118710.0,39.0
2026-08-08 15:00:00,10.0,16.0,97.58500000000001,83.45833333333334,5.733333333333333,182.58333333333334,65380.0,26.0
2026-08-08 16:00:00,17.0,13.0,82.02254901960785,72.18333333333334,7.25,354.43333333333334,122650.0,30.0
2026-08-08 17:00:00,33.0,21.0,88.40454545454546,99.96666666666667,6.916666666666667,182.45,230810.0,54.0
2026-08-08 18:00:00,15.0,16.0,87.27,96.91666666666667,8.283333333333333,277.0,108870.0,31.0
2026-08-08 19:00:00,16.0,22.0,78.25625,114.45833333333333,8.3,146.55,106320.0,38.0
2026-08-08 20:00:00,24.0,21.0,104.65347222222222,117.19999999999999,11.133333333333333,393.96666666666664,173240.0,45.0
2026-08-08 21:00:00,23.0,18.0,97.65869565217392,113.05,9.583333333333334,153.66666666666666,157950.0,41.0
2026-08-08 22:00:00,7.0,15.0,145.47619047619045,105.5,9.933333333333334,442.18333333333334,52450.0,22.0
2026-08-08 23:00:00,16.0,18.0,113.89895833333333,111.48333333333333,9.35,491.35,118070.0,34.0
2026-08-09 00:00:00,23.0,16.0,89.25507246376812,99.16666666666667,8.283333333333333,147.5,163530.0,39.0
2026-08-09 01:00:00,17.0,17.0,113.79803921568627,128.95,9.4,192.7,126080.0,34.0
2026-08-09 02:00:00,1.0,11.0,132.35,132.35,132.35,132.35,6750.0,12.0
2026-08-09 03:00:00,2.0,15.0,387.64166666666665,387.64166666666665,54.28333333333333,721.0,15490.0,17.0
2026-08-09 04:00:00,0.0,5.0,0.0,0.0,0.0,0.0,0.0,5.0
2026-08-09 05:00:00,0.0,1.0,0.0,0.0,0.0,0.0,0.0,1.0
2026-08-09 06:00:00,1.0,0.0,515.6833333333333,515.6833333333333,515.6833333333333,515.6833333333333,6380.0,1.0
2026-08-09 07:00:00,34.0,7.0,65.50392156862745,66.15,7.55,112.7,237340.0,41.0
2026-08-09 08:00:00,13.0,19.0,99.21666666666667,72.28333333333333,10.583333333333334,500.3833333333333,83890.0,32.0
2026-08-09 09:00:00,4.0,17.0,33.520833333333336,30.158333333333335,7.55,66.21666666666667,22300.0,21.0
2026-08-09 10:00:00,14.0,17.0,21.88214285714286,23.65833333333333,6.0,34.666666666666664,83000.0,31.0
2026-08-09 11:00:00,27.0,20.0,23.01358024691358,22.25,9.516666666666667,40.35,200490.0,47.0
2026-08-09 12:00:00,26.0,24.0,40.84551282051282,39.516666666666666,5.766666666666667,90.7,190140.0,50.0
2026-08-09 13:00:00,25.0,17.0,56.840666666666664,70.08333333333333,6.916666666666667,97.4,177410.0,42.0
2026-08-09 14:00:00,10.0,17.0,51.36333333333333,59.24166666666667,5.683333333333334,95.38333333333334,69070.0,27.0
2026-08-09 15:00:00,23.0,23.0,62.0695652173913,74.23333333333333,11.216666666666667,115.53333333333333,165650.0,46.0
2026-08-09 16:00:00,20.0,17.0,67.74083333333333,78.85,8.116666666666667,125.63333333333334,141730.0,37.0
2026-08-09 17:00:00,30.0,21.0,133.39833333333334,110.50833333333333,7.883333333333334,785.0333333333333,216480.0,51.0
2026-08-09 18:00:00,16.0,16.0,94.02395833333334,112.69999999999999,11.15,171.36666666666667,114160.0,32.0
2026-08-09 19:00:00,8.0,16.0,97.47083333333333,105.98333333333333,12.033333333333333,172.25,64640.0,24.0
2026-08-09 20:00:00,21.0,10.0,116.25714285714287,118.6,8.816666666666666,318.06666666666666,153090.0,31.0
2026-08-09 21:00:00,13.0,22.0,104.46923076923078,124.01666666666667,13.666666666666666,193.46666666666667,81620.0,35.0
2026-08-09 22:00:00,7.0,12.0,112.88571428571427,43.78333333333333,7.466666666666667,455.71666666666664,49340.0,19.0
2026-08-09 23:00:00,39.0,22.0,87.4508547008547,88.61666666666666,10.35,215.05,276010.0,61.0
2026-08-10 00:00:00,20.0,19.0,124.66333333333333,152.35833333333335,8.7,201.7,139830.0,39.0
2026-08-10 01:00:00,29.0,20.0,152.52816091954023,170.36666666666667,7.966666666666667,293.21666666666664,204830.0,49.0
2026-08-10 02:00:00,1.0,11.0,330.8,330.8,330.8,330.8,7180.0,12.0
2026-08-10 03:00:00,2.0,14.0,351.0,351.0,128.23333333333332,573.7666666666667,13640.0,16.0
2026-08-10 04:00:00,8.0,13.0,59.85625,59.425,36.43333333333333,77.9,52950.0,21.0
2026-08-10 05:00:00,37.0,18.0,96.73693693693693,105.98333333333333,8.583333333333334,183.95,250490.0,55.0
2026-08-10 06:00:00,10.0,17.0,152.64166666666668,157.28333333333333,9.483333333333333,249.51666666666668,74150.0,27.0
2026-08-10 07:00:00,13.0,17.0,81.56777777777778,97.33333333333333,9.166666666666666,179.5,132430.0,30.0
2026-08-10 08:00:00,4.0,16.0,87.86666666666667,85.73333333333333,12.666666666666666,165.2,37670.0,20.0
2026-08-10 09:00:00,3.0,12.0,199.07777777777778,154.76666666666668,36.46666666666667,406.0,33630.0,15.0
2026-08-10 10:00:00,2.0,3.0,499.93333333333334,499.93333333333334,499.93333333333334,499.93333333333334,5210.0,5.0
2026-08-10 11:00:00,0.0,2.0,0.0,0.0,0.0,0.0,0.0,2.0
2026-08-10 13:00:00,1.0,1.0,423.1666666666667,423.1666666666667,423.1666666666667,423.1666666666667,9810.0,2.0
2026-08-10 14:00:00,1.0,1.0,0.0,0.0,0.0,0.0,4000.0,2.0
2026-08-10 15:00:00,7.0,6.0,69.32142857142857,23.383333333333333,10.15,352.65,50610.0,13.0
2026-08-10 16:00:00,20.0,13.0,44.0375,27.549999999999997,6.333333333333333,299.25,145390.0,33.0
2026-08-10 17:00:00,11.0,8.0,71.78939393939393,68.25,51.96666666666667,98.3,77270.0,19.0
2026-08-10 18:00:00,13.0,10.0,84.9423076923077,108.61666666666666,7.166666666666667,130.81666666666666,98850.0,23.0
2026-08-10 19:00:00,12.0,9.0,61.48888888888889,51.96666666666667,8.033333333333333,279.0,89250.0,21.0
2026-08-10 20:00:00,28.0,22.0,64.08869047619048,73.29166666666666,9.516666666666667,104.41666666666667,213500.0,50.0
2026-08-10 21:00:00,13.0,20.0,93.09615384615384,89.66666666666667,7.95,213.13333333333333,94960.0,33.0
2026-08-10 22:00:00,30.0,17.0,82.30722222222222,87.76666666666667,8.733333333333333,184.51666666666668,226160.0,47.0
2026-08-10 23:00:00,6.0,19.0,77.42222222222222,62.675,11.016666666666667,166.43333333333334,42330.0,25.0
2026-08-11 00:00:00,34.0,20.0,103.96225490196079,71.38333333333333,9.566666666666666,1068.6166666666666,228820.0,54.0
2026-08-11 01:00:00,16.0,17.0,130.61145833333333,119.83333333333333,76.26666666666667,355.98333333333335,113460.0,33.0
2026-08-11 02:00:00,25.0,17.0,105.662,116.9,7.0,231.3,172930.0,42.0
2026-08-11 03:00:00,14.0,22.0,89.55357142857143,118.55,7.083333333333333,173.65,99290.0,36.0
2026-08-11 04:00:00,1.0,15.0,11.266666666666667,11.266666666666667,11.266666666666667,11.266666666666667,7840.0,16.0
2026-08-11 05:00:00,4.0,14.0,62.887499999999996,62.858333333333334,53.86666666666667,71.96666666666667,31330.0,18.0
2026-08-11 06:00:00,4.0,7.0,58.38333333333333,62.28333333333333,9.75,99.21666666666667,27770.0,11.0
2026-08-11 07:00:00,31.0,13.0,52.77795698924731,52.75,7.25,171.91666666666666,204830.0,44.0
2026-08-11 08:00:00,12.0,18.0,61.388888888888886,58.80833333333334,15.816666666666666,186.4,92690.0,30.0
2026-08-11 09:00:00,22.0,19.0,47.67878787878788,54.93333333333334,7.016666666666667,77.6,153950.0,41.0
2026-08-11 10:00:00,19.0,19.0,81.58070175438597,45.85,8.1,324.28333333333336,154270.0,38.0
2026-08-11 11:00:00,18.0,19.0,55.68981481481481,61.45833333333333,7.3,80.4,118370.0,37.0
2026-08-11 12:00:00,23.0,18.0,77.71249999999999,62.2,8.35,468.3666666666667,198600.0,41.0
2026-08-11 13:00:00,18.0,20.0,55.49313725490196,71.63333333333334,5.716666666666667,85.26666666666667,131460.0,38.0
2026-08-11 14:00:00,20.0,17.0,67.85833333333333,68.32499999999999,8.683333333333334,106.26666666666667,137470.0,37.0
2026-08-11 15:00:00,17.0,18.0,79.14803921568627,79.05,8.566666666666666,347.1666666666667,123180.0,35.0
2026-08-11 16:00:00,18.0,23.0,51.71018518518518,58.766666666666666,9.833333333333334,97.6,132110.0,41.0
2026-08-11 17:00:00,19.0,18.0,64.26052631578948,74.01666666666667,10.816666666666666,95.08333333333333,137460.0,37.0
2026-08-11 18:00:00,18.0,21.0,59.03888888888889,61.7,12.2,217.01666666666668,124090.0,39.0
2026-08-11 19:00:00,19.0,19.0,61.34298245614035,70.3,7.333333333333333,107.63333333333334,122430.0,38.0
2026-08-11 20:00:00,31.0,19.0,71.61451612903227,80.73333333333333,10.4,145.46666666666667,236290.0,50.0
2026-08-11 21:00:00,12.0,15.0,107.92777777777779,111.49166666666667,14.85,220.98333333333332,89080.0,27.0
2026-08-11 22:00:00,11.0,14.0,130.75454545454545,94.96666666666667,13.216666666666667,573.85,76330.0,25.0
2026-08-11 23:00:00,27.0,20.0,107.12592592592593,124.61666666666666,8.316666666666666,188.2,186820.0,47.0
2026-08-12 00:00:00,8.0,10.0,137.425,121.78333333333333,100.21666666666667,194.95,58670.0,18.0
2026-08-12 01:00:00,26.0,14.0,143.00320512820514,142.525,7.633333333333334,471.81666666666666,190340.0,40.0
2026-08-12 02:00:00,9.0,15.0,90.81296296296297,103.26666666666667,11.2,132.93333333333334,70680.0,24.0
2026-08-12 03:00:00,29.0,21.0,123.00574712643679,134.36666666666667,9.1,419.48333333333335,204000.0,50.0
2026-08-12 04:00:00,0.0,16.0,0.0,0.0,0.0,0.0,0.0,16.0
2026-08-12 05:00:00,21.0,19.0,71.17539682539683,102.01666666666667,8.333333333333334,155.53333333333333,148080.0,40.0
2026-08-12 06:00:00,3.0,13.0,94.49444444444445,90.78333333333333,86.06666666666666,106.63333333333334,21870.0,16.0
2026-08-12 07:00:00,16.0,15.0,111.25555555555556,82.8,8.333333333333334,412.03333333333336,209070.0,31.0
2026-08-12 08:00:00,20.0,17.0,66.28444444444445,62.45,8.45,240.85,103670.0,37.0
2026-08-12 09:00:00,20.0,16.0,67.90166666666667,64.525,6.7,305.3333333333333,148660.0,36.0
2026-08-12 10:00:00,13.0,20.0,57.83461538461539,66.61666666666666,9.216666666666667,80.51666666666667,85900.0,33.0
2026-08-12 11:00:00,20.0,20.0,58.560833333333335,71.4,7.083333333333333,97.0,146090.0,40.0
2026-08-12 12:00:00,18.0,18.0,66.20555555555556,69.44999999999999,8.8,243.4,129010.0,36.0
2026-08-12 13:00:00,18.0,15.0,93.46203703703704,82.58333333333334,7.15,308.96666666666664,124940.0,33.0
2026-08-12 14:00:00,20.0,18.0,75.91499999999999,88.78333333333333,7.066666666666666,124.85,142360.0,38.0
2026-08-12 15:00:00,15.0,16.0,126.86,81.65,9.633333333333333,1016.5833333333334,97480.0,31.0
2026-08-12 16:00:00,17.0,16.0,82.75098039215686,76.03333333333333,11.033333333333333,320.1333333333333,115720.0,33.0
2026-08-12 17:00:00,17.0,14.0,70.53529411764706,86.25,9.816666666666666,119.51666666666667,123290.0,31.0
2026-08-12 18:00:00,13.0,17.0,105.64102564102564,102.86666666666666,7.933333333333334,384.81666666666666,88030.0,30.0
2026-08-12 19:00:00,17.0,18.0,66.33039215686276,74.2,8.366666666666667,124.8,113090.0,35.0
2026-08-12 20:00:00,14.0,13.0,120.50357142857142,90.38333333333333,7.05,673.1,95850.0,27.0
2026-08-12 21:00:00,16.0,16.0,80.734375,85.38333333333334,9.833333333333334,163.35,108180.0,32.0
2026-08-12 22:00:00,15.0,15.0,91.67333333333333,72.7,9.316666666666666,330.56666666666666,110110.0,30.0
2026-08-12 23:00:00,30.0,21.0,69.44666666666667,91.30833333333334,10.6,135.81666666666666,205760.0,51.0
2026-08-13 00:00:00,17.0,18.0,85.19411764705882,103.9,8.616666666666667,137.98333333333332,115190.0,35.0
2026-08-13 01:00:00,10.0,15.0,190.01333333333332,178.26666666666665,9.483333333333333,299.23333333333335,75700.0,25.0
2026-08-13 02:00:00,24.0,16.0,145.03194444444443,124.025,8.016666666666667,270.8,169170.0,40.0
2026-08-13 03:00:00,14.0,11.0,178.16071428571428,180.325,10.716666666666667,277.65,93050.0,25.0
2026-08-13 04:00:00,1.0,8.0,202.58333333333334,202.58333333333334,202.58333333333334,202.58333333333334,10030.0,9.0
2026-08-13 05:00:00,19.0,12.0,85.89912280701753,98.63333333333334,9.766666666666667,160.55,127690.0,31.0
2026-08-13 06:00:00,15.0,21.0,135.31555555555556,163.0,7.566666666666666,189.18333333333334,97830.0,36.0
2026-08-13 07:00:00,3.0,14.0,165.89666666666668,186.45,107.33333333333333,204.65,70340.0,17.0
2026-08-13 08:00:00,28.0,14.0,129.8179012345679,119.18333333333334,9.216666666666667,435.85,184040.0,42.0
2026-08-13 09:00:00,4.0,14.0,101.28888888888889,79.36666666666666,18.45,206.05,24260.0,18.0
2026-08-13 10:00:00,12.0,15.0,204.30416666666667,112.26666666666668,10.816666666666666,1379.75,83800.0,27.0
2026-08-13 11:00:00,23.0,16.0,104.43478260869566,106.85,9.65,230.5,149630.0,39.0
2026-08-13 12:00:00,27.0,19.0,166.98392857142858,167.35833333333335,7.883333333333334,349.8666666666667,208780.0,46.0
2026-08-13 13:00:00,3.0,13.0,213.35,213.91666666666666,193.78333333333333,232.35,24670.0,16.0
2026-08-13 14:00:00,1.0,5.0,0.0,0.0,0.0,0.0,0.0,6.0
2026-08-13 15:00:00,2.0,8.0,181.44166666666666,181.44166666666666,168.66666666666666,194.21666666666667,14200.0,10.0
2026-08-13 16:00:00,1.0,7.0,190.56666666666666,190.56666666666666,190.56666666666666,190.56666666666666,5510.0,8.0
2026-08-13 17:00:00,0.0,6.0,0.0,0.0,0.0,0.0,0.0,6.0
2026-08-13 18:00:00,0.0,3.0,0.0,0.0,0.0,0.0,0.0,3.0
2026-08-13 19:00:00,1.0,0.0,134.8,134.8,134.8,134.8,6920.0,1.0
2026-08-13 20:00:00,0.0,1.0,0.0,0.0,0.0,0.0,0.0,1.0
2026-08-13 21:00:00,3.0,1.0,203.00555555555556,186.18333333333334,112.4,310.43333333333334,23980.0,4.0
2026-08-13 22:00:00,0.0,1.0,0.0,0.0,0.0,0.0,0.0,1.0
2026-08-13 23:00:00,1.0,0.0,349.6333333333333,349.6333333333333,349.6333333333333,349.6333333333333,7690.0,1.0
2026-08-14 00:00:00,1.0,1.0,523.6666666666666,523.6666666666666,523.6666666666666,523.6666666666666,5710.0,2.0
2026-08-14 02:00:00,0.0,1.0,0.0,0.0,0.0,0.0,0.0,1.0
2026-08-14 03:00:00,1.0,0.0,686.35,686.35,686.35,686.35,7990.0,1.0
2026-08-14 05:00:00,1.0,1.0,233.33333333333334,233.33333333333334,233.33333333333334,233.33333333333334,6580.0,2.0
2026-08-14 07:00:00,0.0,0.0,160.425,160.425,160.2,160.65,40090.0,0.0
2026-08-14 08:00:00,2.0,0.0,143.55833333333334,143.55833333333334,134.1,153.01666666666668,42100.0,2.0
2026-08-14 09:00:00,3.0,4.0,356.125,356.125,299.81666666666666,412.43333333333334,14720.0,7.0
2026-08-14 10:00:00,1.0,2.0,0.0,0.0,0.0,0.0,0.0,3.0
2026-08-14 11:00:00,0.0,1.0,0.0,0.0,0.0,0.0,0.0,1.0
2026-08-14 12:00:00,0.0,0.0,147.15,147.15,147.15,147.15,20040.0,0.0
2026-08-14 13:00:00,2.0,0.0,261.1666666666667,261.1666666666667,261.1666666666667,261.1666666666667,6540.0,2.0
2026-08-14 14:00:00,0.0,2.0,0.0,0.0,0.0,0.0,0.0,2.0
2026-08-14 15:00:00,2.0,1.0,683.225,683.225,219.51666666666668,1146.9333333333334,11710.0,3.0
2026-08-14 16:00:00,0.0,1.0,0.0,0.0,0.0,0.0,0.0,1.0
2026-08-14 17:00:00,1.0,1.0,281.18333333333334,281.18333333333334,281.18333333333334,281.18333333333334,12470.0,2.0
2026-08-14 18:00:00,0.0,1.0,0.0,0.0,0.0,0.0,0.0,1.0
2026-08-14 20:00:00,2.0,0.0,144.85,144.85,130.23333333333332,159.46666666666667,15530.0,2.0
2026-08-14 21:00:00,0.0,1.0,0.0,0.0,0.0,0.0,0.0,1.0
2026-08-14 22:00:00,2.0,1.0,234.99166666666667,234.99166666666667,140.78333333333333,329.2,17680.0,3.0
2026-08-14 23:00:00,0.0,1.0,0.0,0.0,0.0,0.0,0.0,1.0
2026-08-15 00:00:00,1.0,1.0,249.2,249.2,249.2,249.2,7140.0,2.0
2026-08-15 01:00:00,1.0,0.0,556.55,556.55,556.55,556.55,9060.0,1.0
2026-08-15 03:00:00,0.0,1.0,0.0,0.0,0.0,0.0,0.0,1.0
2026-08-15 04:00:00,1.0,1.0,559.7333333333333,559.7333333333333,559.7333333333333,559.7333333333333,10540.0,2.0
2026-08-15 06:00:00,15.0,1.0,32.03,34.43333333333333,10.25,54.78333333333333,115700.0,16.0
2026-08-15 07:00:00,31.0,20.0,90.30333333333334,75.16666666666667,7.483333333333333,262.3666666666667,318270.0,51.0
2026-08-15 08:00:00,28.0,22.0,46.71736111111111,38.75833333333333,6.766666666666667,110.1,168790.0,50.0
2026-08-15 09:00:00,15.0,21.0,62.028888888888886,64.3,6.75,93.75,114540.0,36.0
2026-08-15 10:00:00,22.0,24.0,58.75833333333333,56.50833333333333,11.116666666666667,114.56666666666666,159290.0,46.0
2026-08-15 11:00:00,30.0,29.0,75.87333333333335,77.675,5.45,484.6,223880.0,59.0
2026-08-15 12:00:00,9.0,14.0,73.98333333333333,62.666666666666664,10.833333333333334,145.01666666666668,63980.0,23.0
2026-08-15 13:00:00,31.0,25.0,71.92150537634409,92.1,5.9,119.13333333333334,229870.0,56.0
2026-08-15 14:00:00,16.0,17.0,71.77395833333334,87.975,9.033333333333333,126.46666666666667,113650.0,33.0
2026-08-15 15:00:00,16.0,21.0,85.11111111111111,100.21666666666667,6.483333333333333,129.03333333333333,111450.0,37.0
2026-08-15 16:00:00,13.0,15.0,81.7948717948718,86.21666666666667,11.016666666666667,226.31666666666666,90010.0,28.0
2026-08-15 17:00:00,22.0,19.0,76.98863636363636,61.375,6.683333333333334,638.6166666666667,155230.0,41.0
2026-08-15 18:00:00,19.0,20.0,77.29473684210525,77.73333333333333,9.6,114.26666666666667,126870.0,39.0
2026-08-15 19:00:00,20.0,15.0,86.14583333333334,81.15,10.983333333333333,329.6166666666667,151010.0,35.0
2026-08-15 20:00:00,13.0,16.0,64.89615384615385,69.93333333333334,9.416666666666666,100.18333333333334,88480.0,29.0
2026-08-15 21:00:00,18.0,21.0,49.25092592592593,60.94166666666666,7.983333333333333,104.26666666666667,129900.0,39.0
2026-08-15 22:00:00,23.0,21.0,74.19347826086957,86.75,8.066666666666666,126.93333333333334,171590.0,44.0
2026-08-15 23:00:00,19.0,16.0,88.10964912280701,95.66666666666667,9.083333333333334,177.48333333333332,139710.0,35.0
2026-08-16 00:00:00,19.0,18.0,95.3719298245614,108.71666666666667,10.1,188.05,142650.0,37.0
2026-08-16 01:00:00,26.0,18.0,99.87179487179486,94.5,7.916666666666667,628.9333333333333,182810.0,44.0
2026-08-16 02:00:00,18.0,21.0,106.73518518518519,110.45833333333333,10.516666666666667,241.21666666666667,134790.0,39.0
2026-08-16 03:00:00,25.0,17.0,84.94333333333334,100.01666666666667,8.083333333333334,159.13333333333333,186730.0,42.0
2026-08-16 04:00:00,29.0,24.0,139.7057471264368,134.66666666666666,9.733333333333333,354.5,215000.0,53.0
2026-08-16 05:00:00,19.0,21.0,119.2780701754386,135.15,11.35,221.28333333333333,128820.0,40.0
2026-08-16 06:00:00,11.0,18.0,129.1560606060606,142.05,12.916666666666666,295.05,85530.0,29.0
2026-08-16 07:00:00,12.0,18.0,93.6125,112.24166666666667,9.25,168.91666666666666,86990.0,30.0
2026-08-16 08:00:00,16.0,16.0,63.99166666666667,72.24166666666667,10.1,95.5,112770.0,32.0
2026-08-16 09:00:00,14.0,20.0,81.46904761904761,86.01666666666667,16.733333333333334,125.5,100650.0,34.0
2026-08-16 10:00:00,17.0,16.0,85.13823529411765,76.41666666666667,7.95,196.11666666666667,125460.0,33.0
2026-08-16 11:00:00,23.0,23.0,79.78478260869565,85.78333333333333,8.733333333333333,225.31666666666666,163980.0,46.0
2026-08-16 12:00:00,9.0,12.0,68.68148148148148,83.65,7.766666666666667,106.93333333333334,67870.0,21.0
2026-08-16 13:00:00,26.0,22.0,79.54102564102564,75.54166666666666,8.05,315.95,192880.0,48.0
2026-08-16 14:00:00,21.0,19.0,82.10396825396826,94.13333333333334,6.483333333333333,166.78333333333333,143410.0,40.0
2026-08-16 15:00:00,15.0,19.0,116.6711111111111,112.71666666666667,7.766666666666667,284.25,110860.0,34.0
2026-08-16 16:00:00,18.0,13.0,97.84074074074073,121.63333333333333,8.033333333333333,150.21666666666667,126150.0,31.0
2026-08-16 17:00:00,9.0,16.0,83.24444444444445,72.3,8.55,167.31666666666666,61290.0,25.0
2026-08-16 18:00:00,26.0,21.0,105.79230769230769,129.71666666666667,7.916666666666667,276.1666666666667,180950.0,47.0
2026-08-16 19:00:00,7.0,5.0,110.73809523809523,96.48333333333333,38.68333333333333,262.4,42880.0,12.0
2026-08-16 20:00:00,16.0,18.0,109.06770833333333,100.83333333333334,9.05,192.18333333333334,125220.0,34.0
2026-08-16 21:00:00,18.0,18.0,142.8740740740741,150.41666666666666,8.283333333333333,311.7,128120.0,36.0
2026-08-16 22:00:00,10.0,8.0,118.18499999999999,124.275,8.633333333333333,192.51666666666668,70170.0,18.0
2026-08-16 23:00:00,18.0,18.0,99.75277777777778,120.79166666666666,12.3,155.55,131860.0,36.0
2026-08-17 00:00:00,25.0,18.0,101.43133333333333,108.35,8.516666666666667,494.68333333333334,176170.0,43.0
2026-08-17 01:00:00,19.0,23.0,91.95877192982456,121.63333333333334,8.666666666666666,171.01666666666668,130900.0,42.0
2026-08-17 02:00:00,33.0,18.0,159.11363636363637,167.63333333333333,8.333333333333334,310.7,229420.0,51.0
2026-08-17 03:00:00,0.0,13.0,0.0,0.0,0.0,0.0,0.0,13.0
2026-08-17 04:00:00,10.0,14.0,158.73499999999999,80.70833333333333,8.7,1079.3166666666666,73550.0,24.0
2026-08-17 05:00:00,24.0,23.0,86.02638888888889,102.1,10.583333333333334,143.65,181240.0,47.0
2026-08-17 06:00:00,4.0,16.0,50.78333333333333,60.575,13.233333333333333,68.75,30630.0,20.0
2026-08-17 07:00:00,30.0,22.0,85.16611111111112,53.55,8.3,1122.75,213050.0,52.0
2026-08-17 08:00:00,21.0,20.0,77.83015873015873,75.76666666666667,9.75,169.35,190970.0,41.0
2026-08-17 09:00:00,13.0,17.0,144.83717948717947,96.5,8.25,891.2666666666667,97130.0,30.0
2026-08-17 10:00:00,16.0,17.0,57.69791666666667,66.25833333333333,6.9,87.68333333333334,108430.0,33.0
2026-08-17 11:00:00,23.0,23.0,63.852898550724646,66.03333333333333,11.283333333333333,142.5,144640.0,46.0
2026-08-17 12:00:00,21.0,16.0,86.92380952380952,94.81666666666666,6.733333333333333,150.53333333333333,144490.0,37.0
2026-08-17 13:00:00,10.0,11.0,65.72833333333332,76.75833333333333,8.466666666666667,90.03333333333333,70360.0,21.0
2026-08-17 14:00:00,22.0,19.0,73.86590909090908,83.17500000000001,6.966666666666667,120.26666666666667,162210.0,41.0
2026-08-17 15:00:00,3.0,14.0,26.233333333333334,9.366666666666667,7.716666666666667,61.61666666666667,22270.0,17.0
2026-08-17 16:00:00,22.0,19.0,67.93257575757576,77.08333333333334,7.466666666666667,106.1,153070.0,41.0
2026-08-17 17:00:00,24.0,20.0,72.72013888888888,82.31666666666666,9.816666666666666,125.86666666666666,172620.0,44.0
2026-08-17 18:00:00,6.0,15.0,61.705555555555556,58.69166666666667,40.083333333333336,87.3,37420.0,21.0
2026-08-17 19:00:00,20.0,18.0,53.95333333333333,65.35,7.066666666666666,103.15,145020.0,38.0
2026-08-17 20:00:00,23.0,16.0,76.42536231884058,80.9,9.9,115.5,157170.0,39.0
2026-08-17 21:00:00,17.0,16.0,85.71176470588235,100.4,8.05,125.71666666666667,122470.0,33.0
2026-08-17 22:00:00,16.0,18.0,84.08333333333333,79.85833333333333,9.733333333333333,141.91666666666666,114570.0,34.0
2026-08-17 23:00:00,17.0,19.0,119.57058823529412,132.98333333333332,9.55,272.48333333333335,123180.0,36.0
2026-08-18 00:00:00,13.0,9.0,119.27051282051282,101.61666666666666,43.81666666666667,431.78333333333336,95980.0,22.0
2026-08-18 01:00:00,11.0,12.0,87.10757575757576,104.4,21.316666666666666,113.68333333333334,77470.0,23.0
2026-08-18 02:00:00,2.0,12.0,240.325,240.325,75.96666666666667,404.68333333333334,15020.0,14.0
2026-08-18 03:00:00,0.0,12.0,0.0,0.0,0.0,0.0,0.0,12.0
2026-08-18 04:00:00,0.0,1.0,0.0,0.0,0.0,0.0,0.0,1.0
2026-08-18 05:00:00,2.0,0.0,225.45833333333334,225.45833333333334,130.63333333333333,320.28333333333336,13480.0,2.0
2026-08-18 06:00:00,1.0,0.0,80.56666666666666,80.56666666666666,80.56666666666666,80.56666666666666,7350.0,1.0
2026-08-18 07:00:00,12.0,6.0,70.75,63.483333333333334,11.3,178.7,138460.0,18.0
2026-08-18 08:00:00,12.0,11.0,45.62407407407407,45.516666666666666,31.25,58.31666666666667,63240.0,23.0
2026-08-18 09:00:00,18.0,12.0,49.09019607843137,43.96666666666667,7.95,198.13333333333333,112360.0,30.0
2026-08-18 10:00:00,15.0,20.0,47.38666666666666,47.6,30.5,69.3,104190.0,35.0
2026-08-18 11:00:00,42.0,23.0,65.7015873015873,67.15,20.35,120.45,278040.0,65.0
2026-08-18 12:00:00,11.0,21.0,97.87272727272729,108.68333333333334,17.766666666666666,154.88333333333333,75420.0,32.0
2026-08-18 13:00:00,18.0,19.0,60.05444444444444,74.61666666666666,7.333333333333333,91.96666666666667,94250.0,37.0
2026-08-18 14:00:00,25.0,23.0,26.03333333333333,11.95,6.966666666666667,67.2,91810.0,48.0
2026-08-18 15:00:00,7.0,9.0,10.05,10.05,10.05,10.05,6440.0,16.0
